Time,Latitude,Longitude,Altitude
0.0,51.5194978685948,5.86063219732358,0.0
0.1,51.5194978671517,5.8606321974047,0.0
0.2,51.519497866558,5.86063219750042,0.0
0.3,51.5194978796854,5.8606321693586,0.0
0.4,51.5194978801435,5.86063217031764,0.0
0.5,51.5194978805347,5.86063217134462,0.0
0.6,51.5194978775574,5.86063219486905,0.0
0.7,51.5194978779146,5.86063219467525,0.0
0.8,51.519497878263,5.86063219393328,0.0
0.9,51.5194978603714,5.86063217983552,0.0
1.0,51.5194978607546,5.8606321783226,0.0
1.1,51.5194978611812,5.86063217707703,0.0
1.2,51.5194978753701,5.86063217078808,0.0
1.3,51.5194978756682,5.86063217266883,0.0
1.4,51.5194978763429,5.86063217634479,0.0
1.5,51.5194978767644,5.86063217946427,0.0
1.6,51.5194977783145,5.86063219702791,0.0
1.7,51.5194977773428,5.86063219766647,0.0
1.8,51.5194977761726,5.86063219918133,0.0
1.9,51.5194977653452,5.86063218234405,0.0
2.0,51.5194977666257,5.86063217782819,0.0
2.1,51.5194977672381,5.86063217264037,0.0
2.2,51.5194977743264,5.86063227822217,0.0
2.3,51.5194977736766,5.86063227571801,0.0
2.4,51.519497774431,5.86063217120353,0.0
2.5,51.5194977780604,5.86063217166353,0.0
2.6,51.5194977782784,5.86063216762914,0.0
2.7,51.519497777409,5.86063216459161,0.0
2.8,51.5194977663198,5.8606321732715,0.0
3.0,51.5194977647384,5.86063216839783,0.0
3.1,51.5194977682727,5.86063217823184,0.0
3.2,51.5194977657266,5.86063217700432,0.0
3.3,51.5194977630436,5.86063217674529,0.0
3.4,51.5194977646549,5.86063218697035,0.0
3.5,51.5194977624043,5.86063218540208,0.0
3.6,51.5194977602605,5.86063228382174,0.0
3.7,51.5194977659441,5.86063228604681,0.0
3.8,51.5194977641823,5.86063218574763,0.0
3.9,51.5194977619791,5.86063218487557,0.0
4.0,51.5194977553102,5.8606322751444,0.0
4.1,51.5194977529453,5.86063227425161,0.0
4.2,51.5194977514805,5.86063217219057,0.0
4.3,51.5194977726829,5.8606321648651,0.0
4.4,51.519497769632,5.86063216425284,0.0
4.5,51.5194977675538,5.86063216382496,0.0
4.6,51.5194977655484,5.86063216341857,0.0
4.7,51.5194977504419,5.86063218115915,0.0
4.8,51.5194976493479,5.86063228091291,0.0
4.9,51.5194976488911,5.86063228172015,0.0
5.0,51.5194976643783,5.8606322903322,0.0
5.1,51.5194976632157,5.8606322920897,0.0
5.2,51.5194976615866,5.86063229253158,0.0
5.3,51.5194976727596,5.86063229867652,0.0
5.4,51.5194976713429,5.86063229882193,0.0
5.5,51.519497670129,5.86063229865524,0.0
5.6,51.5194976759572,5.86063229872366,0.0
5.7,51.5194976750061,5.86063229967295,0.0
5.8,51.5194976746174,5.86063230067307,0.0
5.9,51.5194976744415,5.86063229845043,0.0
6.0,51.5194976728104,5.86063229870135,0.0
6.2,51.5194976650145,5.86063229968835,0.0
6.3,51.5194976615796,5.86063230356242,0.0
6.4,51.5194977585804,5.86063230558524,0.0
6.5,51.5194977611093,5.86063229959222,0.0
6.6,51.5194976586617,5.86063230026969,0.0
6.7,51.5194976570679,5.86063229968446,0.0
6.8,51.5194977542039,5.86063229245313,0.0
6.9,51.5194977519512,5.86063229241595,0.0
7.0,51.5194977496306,5.86063239283421,0.0
7.1,51.5194977544878,5.86063239021639,0.0
7.2,51.5194977524123,5.8606323911685,0.0
7.3,51.5194977518605,5.86063239052927,0.0
7.4,51.5194977597741,5.86063239028655,0.0
7.5,51.5194977573206,5.86063239149492,0.0
7.6,51.5194977553437,5.86063239190486,0.0
7.7,51.5194977535916,5.86063239257622,0.0
7.8,51.5194977654319,5.86063227966518,0.0
7.9,51.5194977635239,5.86063227956386,0.0
8.0,51.5194976614387,5.86063227844866,0.0
8.1,51.5194976571369,5.86063227318436,0.0
8.3,51.5194976550661,5.8606322713057,0.0
8.4,51.5194976686696,5.86063218250516,0.0
8.6,51.5194976648819,5.86063217711815,0.0
8.7,51.5194976686672,5.86063216543971,0.0
8.8,51.5194976645693,5.86063216318144,0.0
8.9,51.5194976600404,5.86063216158569,0.0
9.0,51.5194976583176,5.86063217719831,0.0
9.1,51.5194976536207,5.86063217695827,0.0
9.2,51.5194976513256,5.8606321737686,0.0
9.3,51.519497665739,5.86063217991681,0.0
9.4,51.5194976640712,5.86063217529812,0.0
9.5,51.5194976621758,5.86063217162213,0.0
9.6,51.5194976602318,5.86063217783685,0.0
9.7,51.5194976577129,5.86063217603831,0.0
9.8,51.5194976552573,5.86063217307082,0.0
9.9,51.5194976647044,5.86063216438226,0.0
10.0,51.5194976624253,5.86063216483365,0.0
10.1,51.5194976605821,5.86063216444302,0.0
10.2,51.5194976581272,5.86063217798692,0.0
10.3,51.5194976552976,5.86063217623967,0.0
10.4,51.5194976541002,5.86063217308558,0.0
10.5,51.5194976573213,5.86063217888325,0.0
10.7,51.5194976539139,5.86063217406685,0.0
10.8,51.5194975526079,5.86063217236135,0.0
10.9,51.5194975572608,5.86063216394426,0.0
11.0,51.519497556848,5.86063216181035,0.0
11.1,51.5194975548676,5.86063216080108,0.0
11.2,51.5194975570025,5.86063215811197,0.0
11.3,51.5194975545504,5.86063215759269,0.0
11.4,51.5194975536776,5.86063225592235,0.0
11.5,51.5194975467178,5.86063228092238,0.0
11.6,51.5194975458302,5.86063227953474,0.0
11.7,51.5194975437884,5.86063227843321,0.0
11.8,51.5194975503194,5.86063229696771,0.0
11.9,51.5194975492126,5.86063229205184,0.0
12.0,51.5194975456949,5.86063228721612,0.0
12.1,51.5194975417111,5.86063227622064,0.0
12.2,51.5194975286683,5.86063226239809,0.0
12.3,51.5194974949537,5.86063218269138,0.0
12.4,51.5194974560851,5.86063200034563,0.0
12.5,51.5194973830929,5.86063171290876,0.0
12.6,51.5194973165168,5.86063139460703,0.0999999999999999
12.7,51.5194972134265,5.8606309451854,0.0999999999999999
12.8,51.5194971203992,5.8606301520026,0.1999999999999999
12.9,51.5194969483817,5.86062949689267,0.3
13.0,51.5194968839725,5.8606288797284,0.3
13.1,51.5194966901363,5.86062828294395,0.3999999999999999
13.2,51.5194966410533,5.86062736961786,0.5
13.3,51.5194965555352,5.86062695412879,0.6
13.4,51.5194965908026,5.86062637206957,0.7
13.5,51.519496481839,5.8606261011558,0.9
13.6,51.519496474987,5.8606251001721,1.1
13.7,51.5194963610889,5.8606248644586,1.2
13.8,51.5194963213731,5.86062479270443,1.4
14.0,51.5194958296152,5.86062437740513,1.7000000000000002
14.1,51.5194956393048,5.86062438376156,1.9
14.2,51.5194956068465,5.86062437960357,2.1
14.3,51.5194953335426,5.8606242466754,2.3
14.4,51.5194948574863,5.86062431758183,2.4
14.5,51.519494701846,5.86062432843395,2.6
14.6,51.5194946939629,5.86062445036289,2.8
14.7,51.5194946482364,5.86062449602265,2.9
14.9,51.5194945910747,5.86062481105249,3.2
15.0,51.5194946640106,5.86062470419922,3.3
15.1,51.5194947079221,5.86062460056954,3.4000000000000004
15.2,51.5194947422031,5.86062489103913,3.6
15.3,51.5194947228365,5.8606247672194,3.7
15.4,51.5194946832134,5.86062476314634,3.9
15.5,51.5194946819465,5.86062483376888,4.0
15.6,51.5194948345369,5.86062485523024,4.2
15.7,51.5194947897118,5.86062478266815,4.3
15.8,51.5194948566337,5.86062468397485,4.4
15.9,51.5194948215812,5.86062463829974,4.6
16.0,51.5194948846765,5.86062441318986,4.7
16.1,51.5194949885228,5.86062441126701,4.9
16.2,51.5194949742727,5.86062392391793,5.0
16.3,51.5194949488416,5.8606238656323,5.2
16.4,51.5194950439798,5.86062396529355,5.4
16.5,51.5194950065007,5.86062408304393,5.6
16.6,51.5194949726689,5.86062383046046,5.8
16.7,51.5194950208773,5.8606238507914,6.0
16.8,51.519494915185,5.86062375548942,6.2
16.9,51.5194949135282,5.86062385286519,6.4
17.0,51.5194948194476,5.86062376132215,6.5
17.1,51.5194948172293,5.86062369013753,6.7
17.3,51.5194947801304,5.86062381013463,7.1
17.4,51.5194946678668,5.86062392763125,7.3
17.5,51.5194947235123,5.86062400819039,7.5
17.7,51.519494753901,5.86062430312311,7.899999999999999
17.8,51.5194949252057,5.86062468367736,8.1
17.9,51.5194950171726,5.86062482906122,8.3
18.0,51.5194951072318,5.86062519561955,8.4
18.1,51.5194952036035,5.86062536525572,8.6
18.2,51.5194951961878,5.86062529269517,8.8
18.4,51.5194954890338,5.86062586894447,9.2
18.5,51.519495572168,5.86062601181863,9.4
18.6,51.5194957178716,5.86062612495729,9.6
18.7,51.5194957938561,5.86062620867074,9.8
18.8,51.5194958201175,5.86062615392913,9.9
18.9,51.5194959500531,5.86062619638248,10.1
19.1,51.5194961488832,5.86062642972831,10.5
19.2,51.5194964203764,5.86062647323686,10.6
19.3,51.5194964559953,5.86062653151915,10.8
19.4,51.5194962782047,5.86062625746472,10.999999999999998
19.5,51.5194962529777,5.86062609560676,11.2
19.6,51.5194963056725,5.86062604583027,11.3
19.7,51.5194961109167,5.86062599908823,11.5
19.8,51.5194960067334,5.86062595287654,11.7
19.9,51.5194957422274,5.86062591964793,11.9
20.0,51.5194953055701,5.86062553030994,12.0
20.1,51.5194948702971,5.86062542328561,12.2
20.2,51.5194945560209,5.86062496620278,12.4
20.3,51.5194940775802,5.86062478823689,12.6
20.4,51.5194934763362,5.86062431193235,12.8
20.5,51.5194932014269,5.86062380386517,13.0
20.6,51.5194926653239,5.86062299890839,13.2
20.7,51.5194922659023,5.86062257278833,13.5
20.8,51.5194918425345,5.86062182895659,13.7
20.9,51.5194915351979,5.86062140954681,13.9
21.0,51.5194912754117,5.86062075159039,14.1
21.1,51.5194909994277,5.86062021436382,14.3
21.2,51.51949068502,5.86061960113588,14.500000000000002
21.3,51.5194905162708,5.8606191974974,14.7
21.4,51.5194902068157,5.86061887690637,14.9
21.5,51.5194900878766,5.86061855912696,15.1
21.6,51.5194901123735,5.86061823272642,15.2
21.7,51.5194899901817,5.86061797145267,15.4
21.8,51.5194899032865,5.86061780112956,15.5
21.9,51.5194898163045,5.86061753435099,15.7
22.0,51.5194897597946,5.86061749097842,15.8
22.1,51.5194897029496,5.86061729394589,16.0
22.2,51.5194897665003,5.86061738486025,16.099999999999998
22.3,51.5194898654396,5.86061746576962,16.3
22.4,51.5194896816691,5.86061725053723,16.400000000000002
22.5,51.5194896599396,5.86061711364114,16.5
22.6,51.5194897479793,5.86061726377845,16.6
22.7,51.5194897407395,5.86061727672503,16.8
22.8,51.5194896278522,5.86061708945666,16.9
22.9,51.5194896753749,5.86061720803883,17.1
23.0,51.519489660902,5.86061711349481,17.3
23.1,51.519489648888,5.86061711570479,17.4
23.3,51.5194896791038,5.86061700613053,17.7
23.4,51.5194895781504,5.86061703143266,17.9
23.5,51.5194895800756,5.8606170620835,18.1
23.6,51.5194896487853,5.86061721239229,18.3
23.7,51.5194896557478,5.86061723035325,18.4
23.8,51.519489564708,5.86061714121586,18.6
23.9,51.5194895937799,5.86061723481464,18.8
24.0,51.519489597694,5.86061745934387,19.0
24.1,51.5194895959609,5.86061749025358,19.2
24.2,51.5194895938135,5.86061766460974,19.3
24.3,51.5194895854413,5.86061769059861,19.5
24.4,51.5194895735661,5.86061790293621,19.7
24.5,51.5194895550729,5.86061795772116,19.8
24.6,51.5194895395017,5.86061858623886,20.0
24.7,51.5194895113047,5.86061870609263,20.200000000000003
24.8,51.5194894957738,5.86061902368494,20.3
24.9,51.5194894610087,5.86061900840637,20.5
25.0,51.5194893458158,5.86061924082073,20.7
25.1,51.5194893273454,5.86061932833747,20.9
25.2,51.519489381634,5.86061940415593,21.0
25.3,51.5194893978212,5.86061929444142,21.200000000000003
25.4,51.5194893511207,5.8606194347259,21.4
25.5,51.5194893541595,5.86061935203819,21.6
25.6,51.5194893494563,5.86061958420732,21.8
25.7,51.5194893219801,5.86061966081829,22.0
25.8,51.5194893913995,5.86061981246861,22.3
25.9,51.5194893453304,5.86061975924887,22.4
26.0,51.5194893914782,5.86061987992599,22.7
26.1,51.5194893352933,5.86061980668909,22.9
26.2,51.519489398716,5.86061982217757,23.2
26.3,51.5194893857731,5.8606197312269,23.4
26.4,51.5194893894063,5.86061976820245,23.6
26.5,51.5194894105411,5.86061968629171,23.9
26.6,51.5194894325282,5.86061962302423,24.1
26.7,51.5194895312226,5.8606197551383,24.3
26.8,51.519489539756,5.86061973819286,24.6
26.9,51.5194895379207,5.86061973214655,24.8
27.1,51.5194896876388,5.86061975050805,25.3
27.2,51.5194898626107,5.86061972947501,25.500000000000004
27.3,51.5194899287577,5.86061981502035,25.7
27.4,51.5194898970378,5.8606196904622,25.9
27.5,51.5194898619087,5.86061967042659,26.0
27.6,51.5194898410746,5.86061960303361,26.200000000000003
27.7,51.5194898060985,5.86061959145907,26.4
27.8,51.5194898732991,5.86061957578689,26.6
27.9,51.5194899590176,5.86061966487493,26.8
28.0,51.5194900322337,5.86061963873887,27.0
28.1,51.5194900042462,5.86061961330127,27.200000000000003
28.2,51.5194899930849,5.86061974584278,27.5
28.4,51.5194899647497,5.86061960860335,27.9
28.5,51.5194899362568,5.86061956779677,28.1
28.6,51.5194898496482,5.86061935524525,28.4
28.7,51.5194898633593,5.86061934579762,28.6
28.8,51.5194898588305,5.86061941765018,28.8
28.9,51.5194898625813,5.86061940603995,29.1
29.0,51.5194898598701,5.86061939952625,29.3
29.1,51.5194898757992,5.86061952872842,29.6
29.2,51.5194898692446,5.86061952312102,29.8
29.3,51.5194898604876,5.86061951026843,30.0
29.4,51.5194898489755,5.86061949312312,30.3
29.6,51.5194898728294,5.86061951694164,30.8
29.7,51.5194898670024,5.86061947147397,31.0
29.8,51.5194898307341,5.86061942605503,31.2
29.9,51.5194898263512,5.8606193834794,31.5
30.0,51.5194898205367,5.86061923420798,31.7
30.1,51.5194898300825,5.86061920025951,31.8
30.2,51.5194898093276,5.86061912672632,31.9
30.3,51.5194897797249,5.86061905856474,32.0
30.4,51.5194899190236,5.86061897604399,32.0
30.5,51.5194898440678,5.8606188762115,32.0
30.6,51.519489623347,5.86061859419571,32.0
30.7,51.5194896170267,5.860618483481,32.0
30.8,51.5194894502238,5.86061767356562,32.0
30.9,51.519489193722,5.86061695261632,32.0
31.0,51.5194888809432,5.86061613099241,31.9
31.1,51.5194884585062,5.86061502598928,31.9
31.3,51.5194872318127,5.86061211394825,32.0
31.4,51.5194864695971,5.86060988506818,31.9
31.5,51.5194857297279,5.86060801092776,31.9
31.7,51.5194841730354,5.8606031876986,32.0
31.8,51.5194831754996,5.86060008790534,32.0
31.9,51.5194823655659,5.86059726322288,32.0
32.0,51.5194812278487,5.86059357272806,32.0
32.1,51.5194800967649,5.8605904993962,32.0
32.2,51.5194790758143,5.86058621479816,32.0
32.3,51.5194778009109,5.86058275197971,32.0
32.4,51.5194763977626,5.86057824976008,32.0
32.5,51.5194749796209,5.8605744073538,32.0
32.6,51.5194736795868,5.86056935112002,32.0
32.7,51.5194721214703,5.86056515975475,32.0
32.8,51.5194704113435,5.86056012161587,32.0
32.9,51.5194688789762,5.86055515662121,32.0
33.1,51.5194651137319,5.86054504913904,31.9
33.2,51.5194631181637,5.86053905418079,31.9
33.3,51.5194611425081,5.86053397792175,31.9
33.4,51.5194589433877,5.86052830898018,31.9
33.5,51.5194568696955,5.86052257787199,31.9
33.6,51.5194546729102,5.86051665076427,31.8
33.7,51.5194525002056,5.86051114888178,31.8
33.8,51.5194501141307,5.86050474304478,31.8
33.9,51.5194478880715,5.86049908501284,31.8
34.1,51.5194431526461,5.86048691234007,31.7
34.2,51.5194407186286,5.86048064230101,31.7
34.3,51.5194383643138,5.86047473632188,31.7
34.4,51.5194358473238,5.86046828179843,31.7
34.5,51.5194334347023,5.86046227937804,31.7
34.6,51.5194308358481,5.8604560150266,31.6
34.7,51.5194283175461,5.86044972965268,31.7
34.8,51.5194258239157,5.8604434984292,31.6
34.9,51.5194233346862,5.8604373461095,31.7
35.0,51.5194206686915,5.86043086389495,31.7
35.1,51.5194181455834,5.86042465512575,31.7
35.2,51.5194155641227,5.86041843103018,31.7
35.3,51.519412958926,5.86041208881806,31.7
35.4,51.5194103046758,5.86040573528447,31.6
35.5,51.5194077079204,5.8603994703936,31.6
35.6,51.5194049981087,5.86039328952929,31.6
35.7,51.5194023414054,5.86038694341243,31.6
35.9,51.5193970319363,5.86037438120692,31.6
36.0,51.5193942635667,5.86036808328594,31.6
36.1,51.5193915804249,5.86036174002072,31.6
36.2,51.5193887604441,5.86035547796455,31.6
36.3,51.5193859901702,5.86034909374174,31.6
36.4,51.5193831027671,5.86034276833164,31.6
36.5,51.5193803671225,5.8603364097513,31.6
36.6,51.5193775023216,5.86033014918368,31.6
36.7,51.5193747567152,5.86032379789047,31.7
36.8,51.5193719756671,5.86031746309823,31.7
36.9,51.5193691973397,5.86031111362998,31.7
37.0,51.5193663179236,5.86030491711315,31.7
37.1,51.5193635481006,5.86029861111928,31.7
37.2,51.5193606441236,5.86029253245875,31.7
37.3,51.5193578546566,5.86028626689169,31.7
37.4,51.5193549105183,5.86028005983353,31.7
37.5,51.5193520384934,5.86027385484336,31.7
37.6,51.5193491106258,5.86026780963004,31.7
37.7,51.5193462782619,5.86026161176673,31.7
37.8,51.5193432949983,5.86025555720716,31.7
37.9,51.5193404361054,5.86024939446267,31.7
38.0,51.519337443037,5.86024348735665,31.7
38.1,51.5193345031526,5.86023743642947,31.8
38.2,51.5193315643972,5.86023152625858,31.8
38.3,51.5193287208613,5.86022555300181,31.8
38.4,51.519325691348,5.86021978409197,31.8
38.5,51.5193229147661,5.86021402614579,31.8
38.7,51.5193173703766,5.86020303367062,31.8
38.8,51.5193145301109,5.86019783775312,31.8
38.9,51.5193119170103,5.86019253107497,31.8
39.0,51.5193091310821,5.860187681962,31.8
39.1,51.5193064265635,5.86018260241369,31.8
39.2,51.5193037889574,5.8601780096566,31.8
39.4,51.5192986108473,5.86016898815754,31.8
39.5,51.5192961969675,5.86016439509872,31.8
39.6,51.5192936931367,5.86016042569067,31.7
39.7,51.5192911099592,5.86015623529047,31.7
39.8,51.519288782427,5.86015267477274,31.7
39.9,51.5192866190718,5.86014875916209,31.7
40.0,51.5192843273749,5.86014575628433,31.8
40.1,51.5192824696418,5.86014248334967,31.8
40.2,51.5192806750607,5.86014008576622,31.8
40.3,51.519278955168,5.86013766158076,31.8
40.4,51.5192774698076,5.86013609291658,31.8
40.5,51.5192762560415,5.86013417033798,31.8
40.6,51.5192747468255,5.86013352992888,31.9
40.7,51.5192737814181,5.86013219008082,31.9
40.8,51.5192728506893,5.86013226704877,31.9
40.9,51.5192716626587,5.86013160187745,31.9
41.0,51.5192708324654,5.86013209496669,31.9
41.1,51.5192701851385,5.86013155546859,31.9
41.2,51.5192692003354,5.86013294937452,31.9
41.3,51.5192686221082,5.8601326167926,31.9
41.4,51.5192680360214,5.86013340202227,31.9
41.5,51.5192672962115,5.86013400063905,31.9
41.6,51.5192667907297,5.86013460746298,31.9
41.7,51.5192662976113,5.86013442637635,31.9
41.8,51.5192659455163,5.86013469066464,31.9
41.9,51.5192654240021,5.86013529111853,31.9
42.0,51.519265168392,5.86013532639608,31.9
42.1,51.519264766358,5.86013507323395,31.9
42.2,51.5192646711866,5.86013538608788,31.9
42.3,51.5192643172988,5.86013507845205,31.9
42.4,51.5192641803099,5.86013477473852,31.9
42.5,51.5192640218636,5.86013466664644,31.9
42.6,51.5192639059155,5.86013421785502,31.9
42.7,51.5192636240403,5.86013383113571,31.9
42.8,51.519263695674,5.86013326161452,31.9
42.9,51.5192634355468,5.86013284012907,31.9
43.0,51.5192631477612,5.86013223640751,31.9
43.1,51.5192630736081,5.86013168457939,31.9
43.2,51.5192629781955,5.86013114144055,31.9
43.3,51.5192627294742,5.86013062557819,31.9
43.4,51.5192626306631,5.86012983896956,31.9
43.5,51.5192623756136,5.86012931393698,31.9
43.6,51.5192620576015,5.86012872604653,31.9
43.7,51.5192618859796,5.86012809306932,31.9
43.8,51.5192616898475,5.86012747983892,31.9
44.0,51.5192612385099,5.86012634683987,31.9
44.1,51.5192610095002,5.86012582261242,31.9
44.2,51.5192607719137,5.86012531506809,31.9
44.3,51.5192606106886,5.86012471002828,31.9
44.4,51.5192604478686,5.86012418532108,31.9
44.5,51.5192602468186,5.86012366786545,31.9
44.6,51.5192600997118,5.8601230831639,31.9
44.7,51.5192599065505,5.86012258658703,31.9
44.8,51.5192597171468,5.86012208847483,31.9
44.9,51.5192595425386,5.86012165008433,31.9
45.0,51.5192594905243,5.86012125872858,31.9
45.1,51.5192593434189,5.86012089831404,31.9
45.2,51.5192592256018,5.86012059199341,31.9
45.3,51.5192591763527,5.86012025627135,31.9
45.4,51.5192590585422,5.86012000315161,31.9
45.5,51.5192589524897,5.86011982695263,31.9
45.6,51.5192588468065,5.86011973665484,31.9
45.7,51.5192587580551,5.86011962622434,31.9
45.8,51.5192586960771,5.86011956480673,31.9
45.9,51.5192586641835,5.86011944227029,31.9
46.0,51.5192585604449,5.86011956276008,31.9
46.1,51.5192585272169,5.86011951705826,31.8
46.2,51.5192585249457,5.86011938054134,31.9
46.3,51.5192584670025,5.8601189703625,31.8
46.4,51.5192581635131,5.86011834804726,31.9
46.5,51.5192580025742,5.86011741106842,31.9
46.6,51.5192577844761,5.86011598612579,31.9
46.7,51.5192573888159,5.86011441761375,31.9
46.8,51.5192572082842,5.86011275910391,31.9
46.9,51.5192566812194,5.860110737465,32.0
47.0,51.5192563406111,5.86010815756302,32.0
47.1,51.5192561039126,5.86010603960136,32.0
47.2,51.5192556813963,5.86010290448359,32.0
47.3,51.5192550279165,5.86010022956022,32.0
47.4,51.5192549800489,5.86009665605362,32.0
47.5,51.519254254604,5.86009371942362,32.0
47.6,51.5192536304652,5.86008989537624,32.1
47.7,51.5192531185081,5.86008636695636,32.0
47.8,51.5192522834986,5.86008236677397,32.0
47.9,51.5192513542879,5.86007891509261,32.0
48.0,51.5192503346742,5.86007473802123,32.0
48.1,51.5192495113582,5.8600705989776,32.0
48.2,51.5192483930007,5.86006630034825,32.0
48.3,51.5192472371627,5.86006239956819,32.0
48.4,51.5192460806189,5.86005775394078,32.0
48.5,51.5192448103902,5.86005367107487,32.0
48.6,51.5192434497435,5.86004917224822,32.0
48.7,51.5192421669855,5.86004466588968,32.1
48.9,51.5192391627235,5.86003570106793,32.1
49.0,51.5192375251516,5.86003097053698,32.0
49.1,51.5192359217357,5.86002647573792,32.0
49.2,51.5192341865405,5.86002180246683,32.0
49.3,51.5192325229942,5.86001709554789,32.0
49.5,51.5192289080356,5.86000760789003,32.0
49.6,51.5192270800548,5.86000281564466,32.0
49.7,51.5192252672773,5.85999809793202,32.0
49.8,51.5192232177606,5.85999343630564,32.0
49.9,51.5192212863171,5.85998864528192,31.9
50.0,51.5192192100607,5.85998384078327,31.9
50.1,51.5192172460188,5.85997906552796,31.9
50.2,51.5192151085746,5.8599744349512,31.9
50.3,51.5192130788868,5.85996965269306,32.0
50.4,51.5192109653746,5.85996508428115,32.0
50.5,51.5192088512658,5.85996037898184,32.0
50.6,51.5192066162499,5.85995584315711,32.0
50.7,51.519204463971,5.85995110975762,32.0
50.9,51.5191998450583,5.85994192581571,31.9
51.0,51.5191975211424,5.85993753815205,32.0
51.1,51.5191952391445,5.85993279051579,32.0
51.2,51.519192753833,5.85992832055059,32.0
51.3,51.5191904070039,5.85992353749951,32.0
51.4,51.5191879411893,5.8599190510355,32.0
51.5,51.5191855051671,5.85991438892422,32.0
51.6,51.5191830042394,5.85990983290698,32.0
51.7,51.5191805528089,5.85990504436819,32.0
51.8,51.5191779871516,5.85990066077336,32.0
51.9,51.5191754749356,5.85989586146622,32.0
52.0,51.5191728462774,5.85989132790269,32.0
52.1,51.51917024652,5.85988664889298,32.0
52.2,51.5191675882006,5.85988204307011,32.0
52.3,51.5191649602585,5.85987725150915,32.0
52.4,51.5191621843286,5.85987283846469,32.0
52.6,51.5191567949989,5.85986367008711,32.0
52.7,51.5191541397736,5.85985917448781,32.0
52.8,51.5191514633723,5.85985489637239,32.0
52.9,51.5191488125768,5.85985039365798,32.1
53.0,51.5191460194409,5.85984626790416,32.1
53.1,51.5191433689678,5.85984184311712,32.1
53.2,51.5191406450769,5.85983778666692,32.1
53.3,51.5191379262686,5.85983353014363,32.1
53.4,51.5191351203592,5.85982960323979,32.1
53.5,51.5191324778112,5.8598254280214,32.1
53.6,51.5191297181272,5.85982187127202,32.1
53.7,51.5191271108119,5.85981784916823,32.1
53.8,51.5191244867235,5.85981425994146,32.1
53.9,51.519121863201,5.85981051709983,32.0
54.0,51.5191192809009,5.8598072308579,32.0
54.1,51.5191168142303,5.85980352782882,32.0
54.2,51.5191143164806,5.85980035921469,32.0
54.3,51.5191117867254,5.85979694867983,32.1
54.4,51.5191093975596,5.85979382841445,32.0
54.5,51.5191070110923,5.85979034998095,32.0
54.6,51.5191045319121,5.85978764435209,32.0
54.7,51.5191021989448,5.85978430122147,32.0
54.8,51.5190999614331,5.85978146675808,32.0
54.9,51.5190976092438,5.85977855312864,32.0
55.0,51.51909531505,5.85977585858809,32.0
55.1,51.5190930607615,5.85977271226018,32.0
55.2,51.5190908470446,5.85977018860241,32.0
55.3,51.519088601773,5.85976707516258,32.0
55.4,51.5190864129631,5.85976440474527,32.0
55.5,51.5190841333714,5.85976152250411,32.0
55.6,51.5190818537929,5.85975863389188,32.0
55.7,51.5190795302982,5.85975538502778,32.0
55.8,51.5190772038046,5.85975262639626,32.0
55.9,51.5190748329905,5.85974927583506,32.0
56.0,51.5190725862173,5.85974615290333,32.0
56.1,51.5190702764794,5.85974301380785,32.0
56.2,51.5190678870668,5.85973954489119,32.0
56.3,51.519065480968,5.85973596333116,32.0
56.4,51.519063262822,5.85973263562691,32.0
56.5,51.5190608366782,5.85972890718157,32.0
56.6,51.5190585125377,5.85972512943247,32.0
56.7,51.5190561310843,5.85972137987156,32.0
56.8,51.519053616175,5.8597173380957,32.0
56.9,51.5190509845188,5.8597132594748,32.0
57.0,51.5190485454353,5.85970921988885,32.0
57.1,51.5190458093175,5.85970497023742,32.0
57.2,51.5190431168578,5.85970053205742,32.0
57.3,51.5190403281134,5.85969607458166,32.0
57.4,51.5190376859024,5.85969139122456,31.9
57.5,51.5190348678664,5.85968670557174,31.9
57.6,51.5190320987353,5.8596818088849,31.9
57.7,51.5190294422809,5.85967691975648,31.9
57.8,51.5190266179017,5.8596716596344,31.9
57.9,51.5190237930226,5.85966654290251,31.9
58.0,51.5190210218842,5.85966112065703,31.9
58.1,51.5190181954592,5.85965579513715,31.9
58.3,51.5190125789209,5.85964470429564,31.9
58.4,51.5190097802758,5.85963902300656,31.9
58.5,51.5190069695905,5.8596333084555,31.9
58.6,51.5190042328468,5.85962747991612,31.9
58.7,51.5190014611138,5.85962158231827,31.8
58.8,51.5189987267089,5.85961551281811,31.9
58.9,51.5189960396946,5.85960949455652,31.9
59.0,51.5189934186462,5.85960320964459,31.9
59.1,51.5189907542333,5.85959694158871,31.9
59.2,51.5189881275708,5.85959061066675,31.9
59.3,51.5189855208197,5.85958416589416,31.9
59.4,51.5189829551787,5.85957765426387,31.9
59.5,51.5189804221246,5.85957115008928,31.9
59.6,51.5189779315532,5.859564448863,31.9
59.7,51.5189754920644,5.85955770537867,31.8
59.8,51.5189731629556,5.85955101096628,31.8
59.9,51.5189708185299,5.85954412307188,31.8
60.0,51.5189686304104,5.85953717879573,31.8
60.1,51.5189663756456,5.85953028846509,31.8
60.2,51.5189642276925,5.85952332830952,31.8
60.3,51.518962101506,5.8595162301864,31.8
60.4,51.5189601613217,5.85950913522746,31.8
60.5,51.5189581286696,5.85950206076944,31.8
60.6,51.51895627336,5.8594948764631,31.8
60.7,51.5189543558902,5.85948756367981,31.8
60.8,51.5189525812194,5.85948047646432,31.8
60.9,51.51895077117,5.85947302027106,31.8
61.0,51.5189491027315,5.85946555409714,31.8
61.1,51.5189473723299,5.85945810596054,31.8
61.2,51.5189458921041,5.85945054484896,31.8
61.4,51.5189427804229,5.85943519932735,31.8
61.5,51.5189412757055,5.85942728250918,31.8
61.6,51.5189400037543,5.85941929215772,31.8
61.7,51.5189386215764,5.85941142072124,31.8
61.8,51.5189374191942,5.85940342136235,31.8
61.9,51.5189361129886,5.85939528592427,31.8
62.0,51.5189349050669,5.85938725296522,31.8
62.1,51.5189336761256,5.85937902364096,31.8
62.2,51.5189327265949,5.85937068514324,31.8
62.3,51.5189315742022,5.85936248042554,31.8
62.5,51.5189292777303,5.85934569258219,31.8
62.6,51.5189283476179,5.85933740974391,31.8
62.7,51.5189271413476,5.85932900182426,31.8
62.8,51.5189259285307,5.85932064459033,31.8
62.9,51.5189246998916,5.85931237793324,31.9
63.0,51.5189234703222,5.85930409866249,31.9
63.1,51.5189220269678,5.8592959673075,31.9
63.2,51.5189205328216,5.85928773763678,31.8
63.3,51.5189189197573,5.85927989130962,31.9
63.4,51.5189171775451,5.85927223710277,31.9
63.5,51.5189154018111,5.85926480514175,31.9
63.6,51.5189133926921,5.85925739879824,31.9
63.7,51.5189115058878,5.85925047355762,31.9
63.8,51.5189093082673,5.8592440223753,31.9
63.9,51.5189073588391,5.85923730398061,31.9
64.0,51.5189051787586,5.85923145982857,31.9
64.1,51.5189032853684,5.85922567793191,32.0
64.2,51.5189009909007,5.85922027159116,32.0
64.3,51.5188992569137,5.85921506398842,32.0
64.4,51.5188972141579,5.85921075827606,32.0
64.5,51.5188953969719,5.85920585199638,32.0
64.6,51.5188938003207,5.85920220075815,32.0
64.7,51.5188925345048,5.85919797292163,32.0
64.8,51.5188909344029,5.85919515030521,32.0
64.9,51.5188898566845,5.85919137667817,32.0
65.0,51.518888954727,5.85918877200749,32.0
65.2,51.5188872090756,5.85918362522588,32.0
65.3,51.5188865874972,5.85918068899174,32.0
65.4,51.5188862152846,5.85917932438778,31.9
65.5,51.5188858478431,5.85917680343399,31.9
65.6,51.5188860450272,5.85917513574104,31.9
65.7,51.518885920614,5.8591734249283,31.9
65.9,51.5188863139652,5.85917039955111,31.9
66.0,51.518887107118,5.85916967044407,31.9
66.1,51.5188874557665,5.85916839430755,31.9
66.2,51.5188882548091,5.85916772455876,31.9
66.3,51.5188889414032,5.85916700660647,31.9
66.4,51.518890072189,5.8591667192532,31.9
66.5,51.5188908799301,5.85916630510099,31.9
66.6,51.5188921314771,5.85916646056528,31.9
66.7,51.5188933492457,5.85916637941455,31.9
66.8,51.5188949590886,5.85916692595228,31.9
66.9,51.5188963514813,5.85916717933306,31.9
67.0,51.5188983382957,5.85916791053816,31.9
67.1,51.5189000624903,5.85916840111043,31.9
67.2,51.518902269902,5.85916936394142,31.9
67.3,51.5189043905965,5.85916992152801,31.9
67.4,51.5189069533142,5.85917065118764,31.9
67.5,51.518909397305,5.85917086372318,31.8
67.6,51.5189122373199,5.85917146306773,31.8
67.7,51.5189150302039,5.85917115213009,31.8
67.8,51.5189184456265,5.85917076438417,31.8
67.9,51.5189214929461,5.85917023122552,31.8
68.0,51.5189250526739,5.85916908197937,31.8
68.1,51.5189283849506,5.85916764949437,31.8
68.2,51.5189323977577,5.8591661007753,31.8
68.3,51.5189359414162,5.85916413845444,31.8
68.4,51.5189400697024,5.85916132856602,31.8
68.5,51.5189438964569,5.85915909416996,31.7
68.6,51.5189480208833,5.85915558222517,31.7
68.7,51.5189517528804,5.85915255638271,31.7
68.8,51.5189559544824,5.85914848163299,31.7
68.9,51.5189595723576,5.85914511390943,31.7
69.0,51.5189632567394,5.85914081365468,31.7
69.1,51.518966686244,5.85913709672971,31.7
69.2,51.5189699074087,5.85913289523572,31.8
69.3,51.518972608105,5.85912965930473,31.8
69.4,51.5189753798348,5.85912543532606,31.8
69.5,51.5189774244439,5.85912246813405,31.8
69.6,51.5189789802628,5.85911921130261,31.9
69.7,51.5189804317339,5.85911654272141,31.9
69.8,51.5189815712783,5.85911342035068,32.0
69.9,51.5189825297999,5.85911117773887,32.0
70.0,51.5189825940171,5.85910933484545,32.0
70.1,51.5189834569127,5.8591070063224,32.0
70.2,51.5189834108573,5.85910553231951,32.0
70.3,51.5189838764384,5.85910379959167,32.1
70.4,51.5189837087759,5.85910234845003,32.1
70.5,51.5189842088116,5.85910037059019,32.1
70.6,51.5189841022292,5.85909875830259,32.1
70.7,51.518984303098,5.8590966209352,32.1
70.8,51.5189842747755,5.85909505496982,32.2
70.9,51.5189846368063,5.85909302937433,32.2
71.0,51.518984289659,5.85909150167379,32.2
71.1,51.5189847284837,5.85908952470533,32.2
71.2,51.518985133369,5.85908751717201,32.2
71.3,51.5189855293508,5.85908569069948,32.2
71.4,51.5189864010265,5.85908335326573,32.2
71.5,51.5189875788738,5.85908123337033,32.2
71.6,51.518988711331,5.85907859888409,32.2
71.7,51.5189903186196,5.85907644293775,32.2
71.8,51.5189921987802,5.85907372568794,32.2
71.9,51.5189939363699,5.85907122374417,32.2
72.0,51.5189963680406,5.85906851521572,32.2
72.1,51.5189989287475,5.85906622567295,32.2
72.2,51.5190017943697,5.85906296702923,32.2
72.3,51.5190048750819,5.85906066030138,32.1
72.4,51.5190084662502,5.85905773914942,32.1
72.5,51.5190118160689,5.85905493519051,32.1
72.6,51.5190160725668,5.85905199800289,32.1
72.7,51.5190199905574,5.85904971230815,32.1
72.8,51.5190245874445,5.85904683209553,32.0
72.9,51.5190287122565,5.85904382300755,32.0
73.0,51.5190336808384,5.85904102356547,32.0
73.1,51.5190382210767,5.85903869822541,32.0
73.2,51.5190434753544,5.85903536892774,31.9
73.3,51.5190482197526,5.85903298907955,31.9
73.4,51.5190535864797,5.85903039487135,31.9
73.5,51.5190586382404,5.85902748370144,31.9
73.6,51.5190640220135,5.85902489254865,31.9
73.7,51.5190690671064,5.85902257846672,31.9
73.8,51.5190747758271,5.85902011724123,31.9
73.9,51.5190799628926,5.85901787166578,31.9
74.0,51.5190855159117,5.85901576167503,31.9
74.1,51.5190910153977,5.85901339990625,31.9
74.2,51.5190966610343,5.85901128483659,31.9
74.3,51.5191020314752,5.85900882747867,31.9
74.4,51.5191076943693,5.85900635070628,31.9
74.5,51.5191130554193,5.85900351832663,31.9
74.6,51.5191185977739,5.85900069331659,31.9
74.7,51.5191239361604,5.8589976121443,31.9
74.8,51.5191291362517,5.85899421653183,31.9
74.9,51.5191341310661,5.85899040763873,31.9
75.0,51.5191389390146,5.85898661025102,31.9
75.1,51.5191433145135,5.85898218497693,31.9
75.2,51.5191471771638,5.85897730379914,31.9
75.3,51.519150777937,5.85897285357046,32.0
75.4,51.5191535259249,5.85896786728374,32.0
75.5,51.5191560555518,5.85896306914623,32.0
75.6,51.5191580206974,5.85895839430474,32.1
75.7,51.5191597339494,5.85895389019018,32.1
75.8,51.5191602910421,5.85894929822624,32.1
75.9,51.5191613736102,5.85894523798149,32.2
76.0,51.5191613945643,5.8589411250421,32.2
76.1,51.5191619534358,5.85893750982018,32.3
76.2,51.5191612930961,5.85893432391072,32.3
76.3,51.5191612841648,5.85893072354795,32.3
76.4,51.5191599947938,5.85892828462183,32.3
76.5,51.5191594233444,5.85892540236709,32.3
76.6,51.5191573454019,5.85892312253949,32.3
76.7,51.5191561960036,5.8589204758307,32.3
76.9,51.5191522010329,5.85891624207512,32.3
77.0,51.5191494959687,5.85891445524638,32.4
77.1,51.5191474621537,5.85891220840092,32.3
77.2,51.5191444581558,5.8589106966436,32.3
77.3,51.5191420826883,5.8589085717004,32.3
77.4,51.5191389200201,5.8589068382362,32.4
77.5,51.5191361026455,5.85890497295134,32.4
77.6,51.5191327629814,5.85890310862704,32.4
77.7,51.5191298519813,5.85890090284384,32.3
77.8,51.5191261498507,5.85889904453336,32.3
77.9,51.5191229974566,5.85889669197395,32.3
78.0,51.519119339505,5.85889432830115,32.4
78.1,51.5191158270628,5.85889200554546,32.4
78.2,51.5191121371654,5.8588894878473,32.4
78.3,51.5191085949796,5.85888683162487,32.4
78.4,51.5191047527839,5.8588842482313,32.4
78.5,51.5191010140204,5.85888145024679,32.3
78.6,51.5190970071162,5.85887859602683,32.4
78.7,51.5190931015837,5.8588757246512,32.3
78.8,51.5190890028376,5.85887254737509,32.3
78.9,51.5190849306788,5.85886945793231,32.3
79.0,51.5190808021246,5.85886614671472,32.3
79.1,51.5190766301969,5.85886290930124,32.3
79.2,51.5190722313273,5.85885946863515,32.3
79.3,51.5190677875061,5.85885607420339,32.3
79.4,51.5190632210729,5.85885235893608,32.3
79.5,51.5190585807383,5.85884882648015,32.3
79.7,51.5190490857236,5.85884137180999,32.2
79.8,51.519043971285,5.85883750984119,32.2
79.9,51.5190389456405,5.85883381773733,32.2
80.0,51.5190338382464,5.85882979639363,32.2
80.1,51.5190286081582,5.85882605787991,32.2
80.2,51.5190230631045,5.85882213396872,32.2
80.3,51.5190177095885,5.85881825565586,32.1
80.4,51.5190119658799,5.85881443572924,32.1
80.5,51.5190062913731,5.85881062544615,32.1
80.6,51.5190004128069,5.85880655295386,32.1
80.7,51.5189945366535,5.85880264683832,32.1
80.8,51.5189883548273,5.8587986770548,32.1
80.9,51.5189823638206,5.85879450263496,32.1
81.0,51.5189761981578,5.85879037795537,32.1
81.1,51.5189700558381,5.85878598280425,32.1
81.2,51.5189637182965,5.85878166342998,32.1
81.3,51.518957517365,5.85877694978473,32.1
81.4,51.5189511215513,5.85877217671072,32.1
81.5,51.518944873602,5.85876741144065,32.1
81.6,51.5189385294239,5.85876223256327,32.1
81.7,51.5189323887298,5.85875676671374,32.1
81.8,51.5189261553016,5.85875138656681,32.1
81.9,51.5189201174811,5.85874544502072,32.1
82.0,51.5189140431289,5.8587391433217,32.1
82.2,51.5189021825592,5.85872578839235,32.1
82.3,51.5188963092205,5.85871850171667,32.1
82.4,51.5188904595349,5.85871056863452,32.1
82.5,51.5188845571816,5.85870292049865,32.1
82.6,51.5188789800307,5.85869429215679,32.2
82.7,51.5188732440553,5.85868568332585,32.1
82.8,51.5188677620416,5.85867667299746,32.1
82.9,51.5188620883552,5.85866754365221,32.1
83.0,51.5188566845994,5.85865758261483,32.1
83.1,51.5188511887507,5.85864825257782,32.1
83.2,51.518845815374,5.85863777178423,32.1
83.3,51.5188403262392,5.85862769722626,32.1
83.4,51.5188352426189,5.85861679766224,32.1
83.5,51.5188298744819,5.85860630252309,32.1
83.6,51.5188246903513,5.85859508255396,32.1
83.7,51.5188195371561,5.85858415263904,32.1
83.8,51.5188144815752,5.85857267170214,32.1
83.9,51.5188093460216,5.85856158700116,32.1
84.0,51.518804455228,5.85854986916849,32.1
84.1,51.5187994397686,5.85853850512281,32.1
84.2,51.5187945036977,5.85852656094751,32.1
84.3,51.5187895635916,5.85851479073441,32.1
84.5,51.5187799434685,5.85849086812323,32.1
84.6,51.5187751860391,5.85847831976507,32.1
84.7,51.5187703623,5.85846627204786,32.1
84.8,51.5187656860084,5.85845389169211,32.1
84.9,51.5187609052256,5.85844151787083,32.2
85.0,51.5187563406877,5.85842901694306,32.2
85.1,51.5187515952088,5.85841654974871,32.2
85.2,51.51874685736,5.8584038253897,32.2
85.3,51.5187421830616,5.85839110729004,32.2
85.4,51.5187375920731,5.85837824558242,32.2
85.5,51.5187328889859,5.85836549837653,32.2
85.6,51.5187281722877,5.85835254489085,32.2
85.7,51.5187234704347,5.85833972649204,32.2
85.8,51.5187187938146,5.85832675012273,32.2
85.9,51.5187141006072,5.85831373164241,32.3
86.0,51.518709378872,5.85830065940214,32.3
86.1,51.5187046445677,5.85828760981569,32.3
86.2,51.5186999026086,5.8582743589729,32.3
86.4,51.5186903614126,5.85824789351437,32.3
86.5,51.5186855831006,5.85823452584281,32.3
86.6,51.5186807193449,5.85822106572938,32.3
86.7,51.5186758828402,5.85820765348898,32.3
86.8,51.5186710218501,5.85819410556204,32.3
86.9,51.5186661735495,5.85818061282074,32.4
87.0,51.5186613255299,5.85816689058381,32.4
87.1,51.5186564845509,5.85815319688959,32.4
87.2,51.5186514757346,5.85813960782431,32.4
87.3,51.5186465852879,5.85812591814436,32.4
87.5,51.5186367866201,5.85809819584259,32.5
87.6,51.5186318000955,5.85808438554668,32.5
87.7,51.5186268797792,5.85807042158225,32.5
87.8,51.5186219221388,5.85805656010344,32.5
87.9,51.5186170008397,5.85804272839078,32.5
88.1,51.5186071724416,5.85801511299938,32.5
88.2,51.5186023197965,5.85800150609092,32.5
88.3,51.5185975360999,5.85798802532445,32.5
88.4,51.5185926748243,5.85797457329056,32.5
88.5,51.5185879539784,5.85796131416961,32.5
88.6,51.5185831613837,5.85794836114479,32.5
88.7,51.5185783797832,5.85793506460955,32.5
88.8,51.5185736334396,5.85792239066812,32.5
88.9,51.5185689866688,5.85790953659227,32.5
89.0,51.5185642463931,5.85789695809392,32.5
89.1,51.5185596451996,5.8578842890351,32.5
89.2,51.5185550075265,5.85787215664089,32.5
89.3,51.5185503325732,5.85785960849862,32.4
89.4,51.5185457454739,5.85784757752737,32.4
89.5,51.5185412409347,5.85783522094241,32.4
89.6,51.5185366079309,5.85782343410282,32.4
89.7,51.5185321550683,5.85781126611378,32.4
89.8,51.5185277622017,5.85779958752243,32.4
89.9,51.5185232845707,5.85778771998035,32.4
90.0,51.5185189291544,5.8577762665275,32.4
90.1,51.518514569903,5.85776447649715,32.4
90.2,51.5185100781997,5.85775321993488,32.3
90.3,51.5185057627898,5.85774160015188,32.4
90.4,51.5185015060888,5.85773037201418,32.4
90.5,51.5184971656193,5.85771893618515,32.3
90.6,51.5184928399278,5.85770790425925,32.4
90.7,51.5184885951634,5.85769657590206,32.4
90.8,51.5184842341968,5.85768581406427,32.3
90.9,51.5184800164309,5.85767462850263,32.3
91.0,51.5184757979,5.85766383061783,32.3
91.1,51.5184715352828,5.85765285749805,32.3
91.2,51.5184672945789,5.85764212687479,32.3
91.3,51.518463140659,5.85763122557167,32.3
91.4,51.5184589604901,5.85762073708169,32.3
91.5,51.518454746682,5.85760998564249,32.3
91.6,51.5184505332653,5.85759954212986,32.3
91.7,51.5184464199552,5.85758886793897,32.3
91.8,51.518442184119,5.85757849320755,32.3
91.9,51.5184380762694,5.85756792075676,32.3
92.0,51.5184338858092,5.85755768698148,32.3
92.1,51.5184296950831,5.85754727436183,32.3
92.2,51.5184255726231,5.85753721265422,32.3
92.4,51.518417196089,5.85751682332293,32.4
92.5,51.5184131175024,5.8575065322988,32.4
92.6,51.518408961358,5.85749662919769,32.4
92.7,51.5184048365504,5.85748647643485,32.4
92.8,51.518400674867,5.85747642633233,32.4
92.9,51.5183966023848,5.85746625391495,32.3
93.0,51.5183924744287,5.85745646421195,32.3
93.2,51.518384228818,5.85743641443924,32.4
93.3,51.5183801265313,5.85742634335623,32.3
93.4,51.5183760455761,5.85741653313341,32.3
93.5,51.5183719920978,5.85740643698373,32.3
93.6,51.5183678444068,5.85739661149476,32.4
93.7,51.5183637829021,5.85738652448955,32.4
93.8,51.5183597470817,5.85737660069344,32.4
93.9,51.5183556636164,5.85736654682171,32.3
94.0,51.5183515200113,5.85735676211608,32.3
94.1,51.5183474556387,5.85734660265572,32.3
94.2,51.5183434369071,5.85733676457083,32.3
94.3,51.5183393720651,5.85732655304174,32.3
94.4,51.5183353145833,5.85731648983278,32.3
94.6,51.5183271887345,5.85729621417017,32.3
94.7,51.5183230862852,5.85728590277398,32.3
94.8,51.5183189847039,5.85727577171923,32.3
94.9,51.5183149042499,5.85726548008696,32.4
95.0,51.5183107163792,5.85725518138696,32.4
95.1,51.518306574922,5.85724474343649,32.4
95.2,51.518302441733,5.85723454458588,32.4
95.3,51.5182982704763,5.85722404418991,32.4
95.5,51.5182898507157,5.85720315092405,32.4
95.6,51.5182856076903,5.85719264662815,32.4
95.7,51.5182813736693,5.85718202983985,32.4
95.8,51.5182770865326,5.85717153547392,32.3
95.9,51.5182728155027,5.85716085771071,32.3
96.0,51.5182684458911,5.85715023996846,32.3
96.2,51.5182596937918,5.85712887919811,32.3
96.3,51.5182553435902,5.85711803617024,32.3
96.4,51.518250830167,5.85710727425744,32.3
96.5,51.5182464356036,5.8570963604424,32.3
96.6,51.5182418657995,5.85708545323374,32.3
96.7,51.518237397033,5.85707451499878,32.3
96.8,51.5182328835385,5.85706358636521,32.3
96.9,51.5182284043625,5.85705253030522,32.3
97.0,51.5182238348568,5.85704161375003,32.3
97.1,51.5182193281174,5.85703047408582,32.3
97.2,51.5182146962772,5.85701936718339,32.3
97.3,51.5182101552535,5.85700817033121,32.3
97.4,51.5182054613928,5.85699701433176,32.3
97.5,51.5182008844181,5.8569856801944,32.4
97.6,51.5181961522521,5.85697439764008,32.4
97.7,51.5181915181521,5.85696298804065,32.4
97.8,51.5181869421662,5.85695161649845,32.4
97.9,51.5181823261085,5.85694009054509,32.4
98.0,51.5181775613458,5.85692866746149,32.4
98.1,51.5181729241049,5.85691707137492,32.4
98.2,51.5181682719289,5.85690553653126,32.4
98.3,51.5181636202412,5.85689394305114,32.4
98.4,51.5181587976955,5.85688238711646,32.4
98.5,51.5181541192379,5.85687065510262,32.4
98.6,51.5181494211243,5.85685903118811,32.4
98.7,51.5181447391102,5.85684724453815,32.4
98.8,51.5181399834502,5.85683558473353,32.4
98.9,51.5181352723678,5.85682379497692,32.3
99.0,51.5181305543603,5.85681214733799,32.3
99.1,51.5181258563789,5.85680029219797,32.3
99.2,51.5181210057108,5.85678873691653,32.3
99.3,51.5181162850474,5.8567768449864,32.3
99.4,51.5181115699705,5.85676512900252,32.3
99.5,51.5181068133909,5.85675331138208,32.3
99.6,51.5181021088905,5.85674144483784,32.3
99.7,51.5180973912186,5.85672949621647,32.3
99.8,51.5180926250259,5.85671774633525,32.3
99.9,51.5180879153779,5.85670576638167,32.3
100.0,51.5180831621019,5.85669399051094,32.3
100.4,51.5180642294201,5.85664624597023,32.3
100.5,51.5180595012966,5.85663411556866,32.3
100.6,51.5180547193743,5.85662211052283,32.2
100.7,51.5180499823583,5.85660994627436,32.2
100.8,51.5180451793925,5.85659809933351,32.2
100.9,51.5180404354205,5.85658589507922,32.2
101.0,51.5180356472523,5.85657377434358,32.2
101.1,51.5180308758559,5.85656162401536,32.2
101.2,51.5180260792777,5.85654952713866,32.2
101.3,51.5180212862839,5.85653719883781,32.3
101.4,51.5180164862188,5.85652497607984,32.2
101.5,51.5180116755012,5.85651255752922,32.2
101.6,51.5180068961908,5.85650009952128,32.2
101.7,51.5180020890999,5.85648761133148,32.2
101.8,51.5179972231249,5.85647506171869,32.2
101.9,51.5179923757906,5.85646246136387,32.2
102.0,51.5179875656293,5.8564498015237,32.2
102.1,51.5179827020202,5.85643711774856,32.2
102.2,51.5179778646452,5.85642439454922,32.2
102.3,51.5179730122043,5.85641161144617,32.2
102.4,51.5179679907627,5.85639889999661,32.2
102.5,51.5179630708484,5.8563860882918,32.1
102.6,51.5179581766344,5.85637325168216,32.1
102.7,51.5179532241355,5.85636040500732,32.1
102.8,51.5179482591617,5.85634759846213,32.1
102.9,51.5179432950352,5.85633473449307,32.1
103.0,51.5179382507166,5.85632202488259,32.1
103.1,51.5179332500412,5.85630916512982,32.1
103.2,51.5179281329759,5.8562964018662,32.1
103.3,51.5179231062681,5.85628354373013,32.1
103.4,51.5179179564902,5.85627079297244,32.1
103.5,51.5179128564676,5.85625796849481,32.1
103.6,51.5179076500531,5.85624530819331,32.1
103.7,51.5179025803609,5.85623245276125,32.1
103.9,51.5178922331194,5.8562071229032,32.1
104.0,51.5178870740609,5.85619443333661,32.1
104.1,51.5178819486084,5.85618159570913,32.1
104.2,51.5178766485308,5.85616910140351,32.1
104.3,51.5178715027296,5.85615627906324,32.1
104.4,51.5178662084971,5.85614366391141,32.1
104.5,51.5178609820022,5.85613099158085,32.1
104.6,51.5178558077003,5.85611837487317,32.1
104.7,51.517850630972,5.85610556981794,32.1
104.9,51.5178401411303,5.85608036517885,32.1
105.0,51.5178347928091,5.85606770538058,32.1
105.1,51.5178295233294,5.85605506410156,32.1
105.2,51.5178242025071,5.85604258999748,32.1
105.3,51.517818968425,5.85602980182126,32.1
105.4,51.5178136157948,5.85601733669908,32.1
105.5,51.5178083766815,5.85600456373041,32.1
105.7,51.5177978060241,5.85597947899323,32.1
105.8,51.5177925465901,5.85596700417264,32.1
106.0,51.5177818986758,5.85594195541764,32.1
106.1,51.517776639015,5.85592925077113,32.1
106.3,51.517766033822,5.85590415778748,32.1
106.4,51.5177607210744,5.8558916140918,32.1
106.5,51.5177554712018,5.85587890632559,32.1
106.7,51.5177449938845,5.85585385683082,32.1
106.8,51.5177396713801,5.85584133097598,32.1
106.9,51.5177344365876,5.8558286690053,32.1
107.0,51.5177291953973,5.85581635131585,32.1
107.1,51.5177239750812,5.85580370124992,32.2
107.3,51.5177135154908,5.85577869338544,32.2
107.4,51.5177082963956,5.85576629481559,32.2
107.5,51.5177030990061,5.85575362563432,32.2
107.6,51.5176978337697,5.855741187794,32.2
107.7,51.5176926474907,5.85572852370897,32.2
107.8,51.5176874755693,5.85571611759647,32.1
107.9,51.5176822621009,5.8557036031697,32.1
108.0,51.5176770831767,5.85569122283489,32.1
108.1,51.517671895095,5.85567859827219,32.1
108.3,51.5176615036182,5.85565372522677,32.1
108.4,51.5176563170655,5.85564133594101,32.1
108.5,51.5176511322692,5.85562885152998,32.1
108.6,51.5176459325562,5.8556165088858,32.1
108.8,51.5176355581214,5.85559148345785,32.1
108.9,51.5176304008481,5.85557883379006,32.1
109.0,51.5176252917234,5.85556635816552,32.1
109.1,51.5176201313411,5.85555372980616,32.1
109.2,51.5176149123384,5.85554117145533,32.1
109.3,51.5176097636637,5.85552848612022,32.1
109.4,51.5176047401203,5.85551603009879,32.1
109.5,51.517599598855,5.8555033266983,32.1
109.6,51.5175944506979,5.85549082344406,32.0
109.7,51.5175893191924,5.85547816269428,32.1
109.8,51.5175840579683,5.85546557780885,32.1
109.9,51.5175789086184,5.85545284200488,32.1
110.0,51.5175737558867,5.85544025425612,32.1
110.1,51.517568572189,5.8554275317687,32.1
110.2,51.517563437333,5.85541497840619,32.1
110.3,51.5175582890904,5.855402177466,32.1
110.4,51.5175531385455,5.85538946887107,32.1
110.5,51.5175479884812,5.85537665086048,32.1
110.6,51.5175428207853,5.8553640542227,32.1
110.7,51.5175376659135,5.85535129686084,32.1
110.9,51.5175273033746,5.85532577928836,32.0
111.0,51.5175221079425,5.85531298212514,32.0
111.1,51.5175168817882,5.8553001383029,32.0
111.2,51.5175116758078,5.85528745075484,32.0
111.3,51.5175064542282,5.85527459454123,32.0
111.4,51.5175011656261,5.8552618467722,32.0
111.5,51.5174958943487,5.85524900531319,32.0
111.6,51.5174905927031,5.85523611086701,32.0
111.7,51.51748530775,5.85522324371138,32.0
111.8,51.517480012436,5.8552104325366,32.0
111.9,51.517474756397,5.85519748858727,32.0
112.0,51.5174694984013,5.85518472760883,32.0
112.1,51.517464228349,5.85517194654521,32.0
112.2,51.5174589631887,5.85515919558252,32.0
112.3,51.5174537284762,5.85514651474454,32.0
112.5,51.517443339227,5.85512121239567,32.0
112.6,51.5174381350286,5.85510884123208,32.0
112.7,51.5174329295466,5.85509635965223,32.0
112.8,51.5174276855271,5.85508390384139,32.0
112.9,51.5174225134772,5.85507158340259,32.1
113.0,51.5174173147464,5.8550595771403,32.1
113.1,51.5174121888687,5.85504747227779,32.0
113.3,51.5174020931078,5.85502371755484,32.0
113.4,51.5173969588105,5.85501216365185,32.0
113.5,51.5173918786291,5.85500037828987,32.0
113.6,51.5173868019055,5.85498910246355,32.0
113.7,51.5173817959138,5.85497756577124,32.0
113.8,51.5173767377019,5.85496628944957,32.0
113.9,51.5173717757241,5.8549549057831,32.0
114.0,51.5173668629113,5.85494395246126,32.0
114.1,51.5173618808318,5.85493270181997,32.0
114.2,51.5173570216553,5.85492191502535,32.0
114.4,51.5173472906775,5.85490004614791,32.0
114.6,51.5173376840978,5.85487843714761,32.0
114.7,51.5173328724313,5.85486759858463,32.0
114.8,51.5173281361351,5.8548569512297,32.0
114.9,51.5173233927774,5.85484610286716,32.0
115.1,51.5173140962689,5.85482476058423,32.1
115.3,51.5173049043257,5.85480340030604,32.1
115.4,51.5173003059924,5.85479279853518,32.0
115.6,51.5172912937357,5.85477141028259,32.1
115.7,51.5172867107157,5.85476069474309,32.1
115.8,51.5172822132028,5.85475002734217,32.1
115.9,51.5172777340618,5.85473930589863,32.1
116.0,51.5172733836985,5.85472869259417,32.1
116.1,51.5172688618947,5.85471799751344,32.1
116.2,51.5172644615532,5.85470734935738,32.1
116.3,51.5172600580879,5.85469663346899,32.1
116.4,51.5172557101015,5.85468592227102,32.1
116.5,51.5172512478936,5.8546751977447,32.1
116.7,51.5172424938312,5.85465367479171,32.1
116.8,51.5172381633397,5.85464280486563,32.1
116.9,51.5172338192596,5.85463188965493,32.1
117.2,51.5172208401061,5.85459890615874,32.1
117.3,51.5172163614996,5.8545878601956,32.1
117.4,51.5172120867492,5.8545765791167,32.1
117.5,51.5172077355957,5.85456537230013,32.1
117.6,51.5172033439344,5.85455397683594,32.1
117.7,51.5171988236453,5.85454272929096,32.1
117.8,51.5171946181285,5.85453111736308,32.1
117.9,51.5171900716156,5.85451976146851,32.0
118.0,51.5171855939168,5.85450809382324,32.1
118.1,51.5171811686468,5.8544964535186,32.0
118.2,51.5171767059452,5.85448466301866,32.0
118.3,51.5171720651276,5.85447304648901,32.1
118.4,51.5171675731358,5.85446095785777,32.1
118.5,51.5171628774121,5.8544492014044,32.1
118.6,51.5171582748681,5.85443704438053,32.1
118.7,51.5171536855664,5.8544249392779,32.1
118.8,51.5171490295544,5.85441260364731,32.1
118.9,51.5171442479588,5.85440055156977,32.1
119.0,51.5171396144992,5.85438792364148,32.1
119.1,51.5171348561159,5.85437589181865,32.1
119.3,51.5171256190085,5.85435218454024,32.1
119.4,51.5171214374797,5.85434063636095,32.1
119.5,51.5171173019937,5.8543302312494,32.1
119.6,51.517113366247,5.85432009345808,32.1
119.7,51.5171097540243,5.85431027121895,32.1
119.8,51.5171062418759,5.85430171356672,32.2
119.9,51.5171030943001,5.85429345470419,32.2
120.0,51.5170997283088,5.85428583607396,32.2
120.1,51.5170970031606,5.85427863293823,32.2
120.2,51.517094397601,5.85427324246024,32.3
120.3,51.5170913781685,5.85426649497957,32.3
120.4,51.5170889554711,5.85426214010188,32.3
120.5,51.5170867884404,5.85425664842026,32.3
120.7,51.517082180292,5.85424888712451,32.3
120.8,51.5170801881283,5.85424634979917,32.3
120.9,51.5170779802728,5.85424308346385,32.3
121.0,51.5170763212305,5.85424097882605,32.3
121.1,51.5170746696798,5.85423776548911,32.3
121.2,51.5170729221111,5.85423686164494,32.3
121.3,51.5170714260742,5.85423429930473,32.3
121.4,51.5170700491872,5.85423320718872,32.4
121.5,51.5170686050781,5.85423180272349,32.4
121.6,51.5170674480894,5.85423122476884,32.4
121.7,51.5170662790562,5.85422980816292,32.4
121.8,51.5170651739069,5.85422991427231,32.4
121.9,51.5170641333382,5.85422891850031,32.4
122.1,51.5170622520226,5.85422840976974,32.4
122.2,51.5170614508274,5.85422855579633,32.4
122.3,51.5170605790622,5.85422808890149,32.4
122.4,51.5170599135872,5.85422843469438,32.4
122.5,51.5170591324347,5.85422850098366,32.3
122.6,51.5170587331457,5.85422877180483,32.3
122.8,51.517057696892,5.85422925858543,32.3
122.9,51.5170570674999,5.85422914694927,32.3
123.0,51.5170568839957,5.85422920631234,32.2
123.1,51.5170566000734,5.8542294737606,32.2
123.2,51.5170564369359,5.85422941273805,32.2
123.3,51.5170560463617,5.85422932999244,32.2
123.5,51.5170561995305,5.85422918262337,32.1
123.6,51.5170564776668,5.85422895582894,32.1
123.7,51.5170567791468,5.85422873551343,32.1
123.8,51.5170571027093,5.85422834677312,32.0
123.9,51.5170570537432,5.85422805382402,32.0
124.0,51.5170579331585,5.85422749424529,32.0
124.1,51.5170579213352,5.85422716934733,31.9
124.2,51.5170583225774,5.85422667492973,31.9
124.3,51.5170587469794,5.85422622551536,31.9
124.4,51.5170591303897,5.85422555082763,31.8
124.5,51.5170591323676,5.85422531164856,31.8
124.6,51.5170599828985,5.85422437485277,31.8
124.7,51.5170599690046,5.85422417402032,31.8
124.8,51.5170602364972,5.85422350877231,31.8
124.9,51.5170605904708,5.85422284945004,31.8
125.0,51.5170608404454,5.8542222587427,31.8
125.1,51.5170607490501,5.85422207603654,31.8
125.2,51.5170612162211,5.85422098793178,31.7
125.3,51.5170610816688,5.85422083609387,31.7
125.4,51.5170611055919,5.85422032824932,31.7
125.5,51.5170609261168,5.85422022817444,31.7
125.6,51.5170611123112,5.85421935641986,31.7
125.7,51.5170608858673,5.85421930279158,31.7
125.8,51.5170606854659,5.85421896836368,31.6
125.9,51.5170607251374,5.85421830354413,31.6
126.0,51.5170606219331,5.85421787913492,31.6
126.1,51.5170605149353,5.85421775944114,31.6
126.2,51.5170606303514,5.85421699789261,31.6
126.3,51.5170606416062,5.854216994328,31.7
126.4,51.5170608295338,5.85421684782584,31.7
126.5,51.5170610368675,5.85421664291835,31.7
126.6,51.5170614898226,5.85421666823356,31.7
126.7,51.5170617985994,5.85421710924261,31.7
126.9,51.5170628802187,5.85421777110967,31.6
127.0,51.5170636839758,5.85421845443833,31.6
127.1,51.5170643967326,5.85421882335375,31.6
127.3,51.5170660809872,5.85422085947038,31.6
127.4,51.5170674454468,5.85422167640599,31.6
127.5,51.5170683515155,5.85422303102704,31.6
127.7,51.5170708415688,5.85422559088187,31.6
127.8,51.5170723205326,5.85422727240075,31.6
127.9,51.5170734904327,5.85422907450194,31.6
128.0,51.517075317494,5.85423047699596,31.7
128.1,51.5170766075203,5.85423246075633,31.7
128.3,51.5170798777499,5.85423633201771,31.7
128.4,51.5170816760461,5.85423844703866,31.7
128.5,51.5170831769294,5.85424082353642,31.7
128.6,51.5170849496051,5.85424335187016,31.7
128.7,51.5170867636182,5.85424558287705,31.7
128.8,51.5170887101753,5.85424836158459,31.8
128.9,51.5170903908069,5.85425114602005,31.8
129.0,51.5170925177422,5.85425391978796,31.8
129.1,51.5170942869083,5.85425692294995,31.8
129.2,51.5170963352883,5.85426010747641,31.8
129.3,51.517098359702,5.85426314054169,31.8
129.4,51.5171004086793,5.85426654588776,31.8
129.5,51.5171023046228,5.85427004515151,31.8
129.6,51.5171044881397,5.8542736822021,31.8
129.7,51.5171064395021,5.85427740831474,31.8
129.8,51.517108538084,5.85428139410841,31.8
129.9,51.5171106468811,5.85428515208542,31.9
130.0,51.51711279336,5.85428920577675,31.9
130.1,51.5171148477541,5.85429328410771,31.9
130.2,51.5171172313649,5.85429746190635,31.9
130.3,51.5171193522505,5.85430172596764,31.9
130.4,51.5171217142062,5.85430618322499,31.9
130.5,51.5171240110116,5.85431053369273,31.9
130.6,51.5171262978784,5.85431519395918,31.9
130.7,51.5171285373257,5.85431982685461,31.9
130.8,51.5171310470507,5.85432455761775,31.9
130.9,51.5171333209781,5.85432932819382,31.9
131.0,51.5171357645429,5.85433430424911,32.0
131.1,51.5171381867191,5.85433913335574,32.0
131.2,51.5171407680698,5.85434422015953,32.0
131.3,51.5171431465133,5.85434925471811,32.0
131.5,51.5171482714832,5.85435962653215,32.1
131.6,51.5171508706281,5.85436490531062,32.1
131.7,51.5171533626406,5.85437023454448,32.1
131.8,51.5171561327999,5.85437577199495,32.1
131.9,51.5171586712355,5.85438125139696,32.1
132.0,51.5171614371617,5.85438679488298,32.1
132.1,51.5171641727525,5.85439232526445,32.1
132.2,51.5171668768018,5.85439810088976,32.1
132.3,51.5171695121274,5.85440383285066,32.2
132.4,51.5171724021628,5.85440967263753,32.2
132.5,51.5171750835003,5.85441552351954,32.2
132.6,51.5171779222396,5.8544213934083,32.2
132.7,51.5171807704606,5.8544272555304,32.2
132.8,51.5171837582357,5.85443341734103,32.2
132.9,51.5171865501044,5.85443950110376,32.2
133.0,51.517189630549,5.85444564506745,32.2
133.1,51.5171924756311,5.85445180738299,32.2
133.2,51.5171954611572,5.85445807758714,32.2
133.4,51.5172016177024,5.85447048882709,32.2
133.5,51.5172045697714,5.85447681319898,32.2
133.6,51.5172078812576,5.85448313698094,32.2
133.7,51.5172108705706,5.85448947954775,32.3
133.8,51.5172140415785,5.85449574684458,32.3
133.9,51.5172171833196,5.85450201332255,32.3
134.0,51.5172202902604,5.85450838075665,32.3
134.1,51.5172233096622,5.85451484166382,32.3
134.2,51.517226733353,5.85452129103057,32.3
134.3,51.5172297897118,5.85452781353209,32.3
134.4,51.5172329394225,5.85453430581725,32.3
134.5,51.5172362094857,5.85454080448321,32.3
134.6,51.5172394518051,5.85454744841161,32.3
134.7,51.5172426022933,5.85455413706367,32.3
134.8,51.517246042943,5.85456083206054,32.2
134.9,51.5172494087575,5.85456755595999,32.2
135.0,51.5172527115278,5.85457449697945,32.2
135.1,51.5172559640822,5.85458137345164,32.2
135.2,51.5172594488142,5.85458823804233,32.2
135.3,51.517262762219,5.85459520254875,32.2
135.5,51.5172697767591,5.85460924340909,32.3
135.6,51.5172732740374,5.85461651175118,32.3
135.7,51.5172766924536,5.85462370267769,32.2
135.8,51.5172804120301,5.854631075674,32.2
135.9,51.5172838851561,5.85463839749766,32.2
136.0,51.5172875406268,5.85464585252566,32.2
136.1,51.5172911844332,5.85465325419052,32.2
136.2,51.5172948586085,5.85466076444639,32.2
136.3,51.5172984152506,5.85466823900052,32.2
136.4,51.5173022869405,5.85467573077707,32.2
136.5,51.517305903022,5.85468327314281,32.2
136.6,51.5173098030187,5.8546909251836,32.2
136.7,51.5173136217014,5.85469847156743,32.2
136.8,51.5173174707237,5.85470605919154,32.2
136.9,51.517321192629,5.85471370421817,32.2
137.0,51.5173252277448,5.85472132276733,32.2
137.1,51.5173289860622,5.85472901043796,32.2
137.2,51.5173329209915,5.85473664012926,32.2
137.3,51.5173368596549,5.85474432428706,32.2
137.4,51.5173408100605,5.85475208469129,32.2
137.5,51.5173446394829,5.8547598483111,32.2
137.6,51.5173487673273,5.8547675088977,32.2
137.7,51.5173526084959,5.85477527197004,32.2
137.8,51.5173565883584,5.85478307713162,32.2
137.9,51.5173604489457,5.85479084002918,32.2
138.0,51.5173644845399,5.85479857707246,32.2
138.1,51.5173683654637,5.85480637312823,32.2
138.2,51.5173723993133,5.85481407759063,32.2
138.3,51.5173764304461,5.8548219498164,32.2
138.4,51.5173805518942,5.8548298012225,32.2
138.5,51.5173844982622,5.85483771833501,32.1
138.6,51.5173885964446,5.85484549040129,32.2
138.7,51.5173925605846,5.85485343488695,32.2
138.8,51.5173966300581,5.8548613976187,32.2
138.9,51.5174006947661,5.85486925345257,32.1
139.0,51.5174048468538,5.85487717584861,32.1
139.1,51.5174088553456,5.8548852161658,32.1
139.2,51.5174130712598,5.85489302007796,32.1
139.3,51.5174171056417,5.85490105632871,32.1
139.4,51.5174213208452,5.85490896724609,32.1
139.5,51.5174255166806,5.85491688089179,32.1
139.6,51.5174298272364,5.85492488276674,32.1
139.7,51.5174339553867,5.85493298482024,32.1
139.8,51.5174383438928,5.85494088949774,32.2
139.9,51.5174424829046,5.85494898584855,32.2
140.0,51.5174468468846,5.85495699651685,32.2
140.1,51.5174511324586,5.85496493279737,32.2
140.2,51.5174554655061,5.85497288547353,32.1
140.3,51.5174596550855,5.85498094936507,32.1
140.4,51.5174642339861,5.85498879820715,32.1
140.5,51.517468430801,5.85499684144448,32.1
140.6,51.5174727594223,5.85500470328517,32.1
140.7,51.5174771268229,5.85501258965504,32.1
140.8,51.5174815160172,5.85502049001168,32.1
140.9,51.5174857240169,5.85502854664082,32.1
141.0,51.517490144366,5.85503654482977,32.1
141.1,51.5174946039657,5.85504450163511,32.1
141.2,51.5174990154145,5.85505257271637,32.1
141.3,51.517503243866,5.8550606432693,32.1
141.4,51.5175077772304,5.8550685733367,32.1
141.5,51.5175119862575,5.85507666351452,32.1
141.6,51.5175164086202,5.85508467590948,32.0
141.7,51.517520744665,5.85509268879253,32.0
141.8,51.5175250123989,5.85510082724513,32.0
141.9,51.5175291153281,5.85510895287741,32.0
142.0,51.5175335726945,5.85511683653404,32.1
142.1,51.5175376518347,5.85512493492753,32.1
142.2,51.5175418989714,5.85513298121305,32.0
142.3,51.5175461568338,5.85514098620707,32.0
142.4,51.5175502614539,5.8551491833915,32.0
142.5,51.5175542744826,5.85515737546655,32.0
142.6,51.5175585949622,5.85516549162805,32.0
142.7,51.5175625994387,5.855173809525,32.0
142.8,51.5175667242564,5.85518223143543,32.0
142.9,51.517570908108,5.85519054629296,32.0
143.0,51.5175749980822,5.85519899670669,32.0
143.1,51.5175790381886,5.85520751918093,32.0
143.2,51.5175834434081,5.85521597728023,32.0
143.3,51.5175875332754,5.8552246559906,32.0
143.4,51.5175918066608,5.85523332717746,32.0
143.5,51.517596097776,5.85524199458512,32.0
143.6,51.5176004485995,5.85525096499047,32.0
143.7,51.5176046327582,5.85525992590644,32.0
143.8,51.5176092192435,5.85526873081501,32.0
143.9,51.5176134726559,5.85527782216176,32.0
144.0,51.517618041679,5.85528697468901,32.0
144.1,51.5176223531085,5.85529620140146,32.0
144.2,51.5176270225262,5.85530536879585,32.0
144.3,51.5176313744491,5.85531473740291,32.0
144.4,51.5176359871986,5.85532420124561,32.0
144.5,51.5176405780609,5.85533352342994,32.1
144.6,51.5176452366604,5.85534308754514,32.1
144.7,51.5176496692969,5.8553526608815,32.1
144.8,51.5176544537273,5.85536228988197,32.1
144.9,51.5176589406797,5.85537198997891,32.1
145.0,51.5176636026526,5.8553817018295,32.1
145.1,51.5176683243616,5.85539143512322,32.1
145.2,51.5176730458018,5.85540130008158,32.1
145.3,51.517677588838,5.85541119575694,32.1
145.4,51.5176825071473,5.85542105951361,32.1
145.5,51.5176870865714,5.85543106190544,32.1
145.6,51.517691820929,5.8554411669196,32.1
145.7,51.517696567337,5.85545120710652,32.1
145.8,51.5177012625023,5.85546131853143,32.1
146.0,51.5177107612398,5.85548161453933,32.1
146.1,51.5177153906236,5.85549181550614,32.1
146.2,51.5177201431992,5.8555019585812,32.2
146.3,51.5177249228374,5.85551215536674,32.2
146.4,51.5177297782789,5.85552242530476,32.2
146.5,51.51773444289,5.85553275238536,32.2
146.6,51.5177395110583,5.85554299686685,32.2
146.7,51.5177441971465,5.85555341105949,32.2
146.8,51.5177490047092,5.85556374166598,32.2
146.9,51.5177538683365,5.85557416424197,32.2
147.0,51.51775877873,5.85558471633503,32.3
147.1,51.5177635238896,5.85559524124324,32.2
147.2,51.5177683713102,5.85560567127332,32.3
147.3,51.5177732392071,5.8556161867682,32.3
147.4,51.5177781566261,5.85562684985874,32.2
147.5,51.5177827990855,5.85563755261174,32.2
147.6,51.5177875783825,5.85564823797027,32.2
147.7,51.5177921575375,5.85565907071593,32.2
147.8,51.5177968446805,5.85566991147981,32.2
147.9,51.5178015548421,5.85568077238935,32.2
148.0,51.5178060391988,5.85569174588176,32.2
148.1,51.5178105771566,5.85570270142034,32.2
148.2,51.5178152972256,5.85571379986397,32.2
148.3,51.5178198212401,5.85572483333369,32.1
148.4,51.5178242921341,5.85573587333563,32.1
148.5,51.5178288653221,5.85574697765357,32.1
148.6,51.5178334767385,5.85575798025406,32.1
148.7,51.5178379941427,5.85576908778916,32.1
148.8,51.5178426963231,5.85578025194841,32.2
148.9,51.51784722348,5.85579146243169,32.1
149.0,51.5178517818418,5.85580268991061,32.1
149.1,51.5178563676778,5.85581395642504,32.1
149.2,51.5178610181637,5.85582514245896,32.1
149.3,51.5178655478359,5.85583650604148,32.1
149.4,51.5178702811642,5.85584752909773,32.1
149.5,51.5178748344885,5.85585893120404,32.1
149.6,51.5178794593819,5.85587021797643,32.1
149.7,51.5178841094744,5.85588146083303,32.1
149.8,51.517888844342,5.85589274376462,32.1
149.9,51.5178934212098,5.85590426976137,32.1
150.0,51.5178982498922,5.85591526971218,32.1
150.1,51.5179028435727,5.85592680546631,32.1
150.2,51.5179075523948,5.85593817041591,32.1
150.3,51.5179121687558,5.85594974129824,32.1
150.4,51.5179170662888,5.85596092415137,32.1
150.5,51.5179217021001,5.85597254959807,32.1
150.6,51.5179264554746,5.85598396848679,32.1
150.8,51.5179359645628,5.85600703246332,32.1
150.9,51.5179406168328,5.85601883227555,32.1
151.0,51.5179454126813,5.85603034194364,32.1
151.1,51.5179500597925,5.85604222280003,32.1
151.2,51.5179547671308,5.85605408155334,32.1
151.3,51.5179594623773,5.85606586085381,32.1
151.4,51.5179641936793,5.85607779316038,32.1
151.5,51.5179688530374,5.85608980566122,32.1
151.6,51.517973644982,5.85610172511414,32.1
151.7,51.5179783230617,5.8561137879037,32.2
151.8,51.5179830688426,5.85612571255922,32.2
151.9,51.5179878119323,5.85613773390843,32.1
152.0,51.5179925508568,5.85614987498253,32.1
152.1,51.517997266659,5.85616205577359,32.1
152.2,51.5180021546887,5.85617422420309,32.1
152.3,51.5180069045439,5.8561865031678,32.1
152.4,51.5180118487286,5.85619893396631,32.2
152.5,51.5180166684726,5.85621132365655,32.2
152.6,51.5180215804487,5.85622368265916,32.1
152.7,51.5180264007452,5.85623620563053,32.2
152.8,51.5180314705887,5.85624859687902,32.2
152.9,51.5180363435323,5.85626122339711,32.2
153.0,51.5180415132458,5.85627378230037,32.2
153.1,51.518046531975,5.85628638099853,32.2
153.2,51.5180516093046,5.85629910465686,32.2
153.3,51.5180565335423,5.85631187566438,32.2
153.4,51.5180617036211,5.85632450810314,32.2
153.5,51.5180667895289,5.8563371246193,32.2
153.6,51.5180719259928,5.85634975446121,32.2
153.7,51.5180768927602,5.85636246595618,32.2
153.8,51.5180821609382,5.85637494388415,32.2
153.9,51.5180871567231,5.85638767072804,32.2
154.0,51.5180923670354,5.85640036210964,32.2
154.1,51.5180976263776,5.85641296512882,32.2
154.2,51.5181028800091,5.85642546926393,32.3
154.4,51.5181135374184,5.85645046637099,32.3
154.6,51.5181241203166,5.85647526691822,32.3
154.7,51.518129494456,5.85648776197539,32.3
154.8,51.5181348386554,5.85650020094478,32.3
154.9,51.5181401178268,5.85651281442561,32.3
155.0,51.5181456062124,5.85652530920913,32.3
155.1,51.5181509238555,5.8565379240393,32.3
155.2,51.518156368674,5.85655036575396,32.3
155.3,51.5181618597835,5.8565628634418,32.3
155.4,51.5181673902167,5.85657560710666,32.3
155.5,51.5181728131195,5.85658824611128,32.3
155.7,51.5181839780648,5.85661355040033,32.3
155.8,51.5181894804902,5.85662617864135,32.2
155.9,51.5181950013038,5.8566387960782,32.2
156.0,51.5182006118353,5.85665145949028,32.2
156.1,51.5182060311785,5.85666405961448,32.2
156.2,51.518211591779,5.85667690238304,32.3
156.3,51.5182169856762,5.85668950750012,32.2
156.4,51.5182223712674,5.85670203654774,32.3
156.5,51.5182277465275,5.85671463624049,32.3
156.6,51.5182332888402,5.85672749391559,32.2
156.7,51.5182386288879,5.85674014784569,32.2
156.8,51.5182439375366,5.856752883517,32.1
156.9,51.5182493370452,5.85676574134749,32.1
157.0,51.5182546637359,5.85677853824037,32.1
157.1,51.5182599541344,5.85679125487246,32.1
157.2,51.518265266794,5.85680408341215,32.1
157.3,51.5182705171406,5.85681670496442,32.1
157.4,51.5182758444074,5.85682952992441,32.1
157.5,51.5182810976289,5.85684223445928,32.0
157.6,51.5182862873175,5.85685501156994,32.0
157.7,51.5182915412674,5.85686768402819,32.0
157.8,51.5182967856754,5.85688042108832,32.0
157.9,51.5183019988207,5.85689301484383,32.0
158.0,51.5183072577288,5.85690564393726,32.1
158.1,51.5183124480472,5.85691817291136,32.1
158.2,51.5183174925485,5.85693049166438,32.1
158.3,51.5183226250101,5.8569429008194,32.2
158.4,51.5183277489059,5.85695513007715,32.1
158.5,51.5183328415275,5.85696751114384,32.2
158.6,51.5183379055432,5.85697982597101,32.2
158.7,51.5183430202597,5.85699215639456,32.2
158.8,51.5183480448976,5.85700423941956,32.2
158.9,51.5183531370626,5.85701649299818,32.3
159.0,51.5183582474319,5.85702858746286,32.3
159.1,51.5183633358784,5.85704081378911,32.3
159.2,51.5183683356936,5.85705292124702,32.3
159.3,51.5183734168513,5.85706511561613,32.3
159.4,51.5183784075649,5.85707710393955,32.3
159.5,51.5183834772589,5.85708930512526,32.3
159.6,51.5183884768024,5.85710138525844,32.3
159.7,51.5183935339969,5.85711351907513,32.3
159.8,51.5183984670613,5.85712561642959,32.3
159.9,51.518403539862,5.85713776623135,32.3
160.0,51.5184085381159,5.85714978946085,32.3
160.1,51.5184135574667,5.8571619292463,32.3
160.2,51.5184184295968,5.85717403053991,32.3
160.3,51.5184233191561,5.85718620042172,32.3
160.4,51.5184281790674,5.85719844045991,32.3
160.5,51.5184330629508,5.85721079298684,32.3
160.6,51.5184378123687,5.85722311343615,32.3
160.7,51.5184426477609,5.85723553820491,32.3
160.8,51.5184473832612,5.85724793788555,32.2
160.9,51.5184521711068,5.85726035977122,32.2
161.0,51.518456811515,5.85727309774017,32.2
161.1,51.5184615560447,5.85728575358768,32.2
161.2,51.5184663330269,5.85729852976267,32.2
161.3,51.5184710491495,5.85731124110019,32.2
161.4,51.5184756950867,5.85732416889487,32.2
161.5,51.5184804129233,5.85733698056007,32.2
161.6,51.5184850230778,5.85734996465573,32.2
161.7,51.5184896922783,5.85736284420209,32.2
161.8,51.5184943155393,5.85737591145659,32.2
161.9,51.5184989485072,5.85738885533621,32.2
162.0,51.5185035864648,5.85740197941911,32.2
162.2,51.5185127602684,5.85742827743937,32.2
162.3,51.5185173477609,5.85744140927412,32.2
162.4,51.5185218971338,5.85745465315591,32.2
162.5,51.5185265062279,5.85746782424732,32.2
162.6,51.5185311091493,5.85748119025617,32.2
162.7,51.5185357258383,5.85749441130171,32.2
162.8,51.5185402536155,5.85750775047334,32.2
163.0,51.5185495013259,5.85753435032647,32.2
163.2,51.5185587261843,5.85756100288608,32.2
163.3,51.5185633878201,5.85757433564447,32.2
163.4,51.5185679945821,5.85758771503287,32.2
163.5,51.5185726603123,5.8576011002905,32.2
163.6,51.5185772875693,5.85761459534322,32.2
163.7,51.518581936492,5.85762805529491,32.2
163.8,51.5185866096004,5.85764148316427,32.1
163.9,51.5185913089485,5.85765493265447,32.1
164.1,51.51860065104,5.85768181645306,32.1
164.2,51.5186053435594,5.85769519600086,32.1
164.3,51.5186100454935,5.85770861606224,32.1
164.4,51.5186148489551,5.85772198555616,32.1
164.5,51.518619640019,5.85773542091179,32.2
164.6,51.5186244051642,5.85774878165032,32.2
164.7,51.5186292303136,5.85776217714445,32.1
164.8,51.5186340598596,5.8577754960279,32.1
164.9,51.5186388983486,5.85778889503438,32.1
165.0,51.5186437563528,5.85780214328036,32.1
165.1,51.5186486008868,5.85781553707245,32.1
165.2,51.518653479399,5.85782876487113,32.2
165.3,51.5186583157157,5.85784209911078,32.2
165.4,51.518663237902,5.85785529177146,32.2
165.5,51.5186681126194,5.85786848933614,32.2
165.6,51.5186729698399,5.85788162395133,32.2
165.7,51.5186778531467,5.85789484144819,32.2
165.8,51.51868285303,5.85790806940403,32.2
166.0,51.5186928366658,5.85793433902374,32.2
166.1,51.5186977956161,5.85794749014201,32.2
166.2,51.5187028021287,5.85796050924594,32.2
166.3,51.5187077994394,5.85797362099044,32.2
166.4,51.5187129166541,5.85798656717438,32.2
166.6,51.5187230590974,5.85801239222107,32.2
166.7,51.5187281082222,5.85802539840312,32.2
166.8,51.5187332724438,5.85803813103123,32.2
166.9,51.5187383505036,5.85805105456248,32.2
167.0,51.5187435534893,5.85806381591957,32.2
167.1,51.5187487604624,5.85807660144855,32.1
167.2,51.518754060495,5.85808918450778,32.1
167.3,51.5187592549491,5.85810195877993,32.1
167.4,51.5187645905185,5.85811442588933,32.0
167.5,51.5187697885288,5.85812714942428,32.0
167.7,51.518780253801,5.85815229154044,32.1
167.8,51.5187854247498,5.85816475416394,32.1
167.9,51.518790564485,5.85817734386367,32.1
168.0,51.518795785862,5.85818960053247,32.1
168.1,51.5188008896616,5.85820216113752,32.1
168.2,51.518805966534,5.85821462803416,32.2
168.3,51.5188110852141,5.85822710826085,32.2
168.4,51.5188162174713,5.85823959318053,32.2
168.5,51.5188213382795,5.85825219033938,32.2
168.6,51.5188265733832,5.85826460601323,32.2
168.7,51.5188317064144,5.85827718836475,32.2
168.8,51.5188367812997,5.85828965695458,32.2
168.9,51.5188419095386,5.85830218346792,32.2
169.0,51.5188470916689,5.85831465152938,32.3
169.2,51.518857306154,5.85833973819571,32.3
169.3,51.5188624164597,5.85835229115939,32.3
169.4,51.5188674384512,5.85836470420952,32.3
169.5,51.5188725117425,5.85837722184704,32.3
169.6,51.5188774882681,5.85838962986459,32.3
169.7,51.5188825522844,5.85840213132994,32.3
169.8,51.518887637731,5.85841447715124,32.3
169.9,51.5188927022975,5.85842689357026,32.3
170.0,51.5188977463549,5.85843926228073,32.3
170.1,51.5189028433876,5.85845177637533,32.3
170.2,51.5189079319819,5.85846408702333,32.3
170.3,51.5189130417322,5.85847662902131,32.3
170.4,51.5189181837013,5.85848898083728,32.3
170.5,51.5189232767185,5.85850144421832,32.2
170.6,51.5189283580417,5.85851386428404,32.2
170.7,51.5189334428964,5.85852642395501,32.1
170.8,51.5189385349683,5.85853870039983,32.1
170.9,51.5189436358904,5.85855130313784,32.0
171.0,51.5189487597854,5.85856375800841,32.0
171.1,51.5189538955964,5.85857631145848,32.0
171.2,51.5189591158994,5.85858905767484,32.0
171.3,51.5189642246015,5.85860176538892,32.0
171.4,51.5189694198647,5.85861417470691,32.0
171.5,51.5189745301639,5.85862685289615,32.1
171.6,51.5189796195318,5.85863932548666,32.1
171.7,51.5189847113202,5.85865181083054,32.0
171.8,51.5189899497494,5.85866433988365,32.1
171.9,51.5189950854419,5.85867704875833,32.1
172.0,51.519000370805,5.85868940477904,32.1
172.1,51.5190055742887,5.85870191903323,32.0
172.2,51.5190107767103,5.85871445183797,32.0
172.3,51.519015885911,5.8587271973105,32.0
172.4,51.5190211558869,5.85873947269945,32.1
172.5,51.5190262693786,5.85875217972779,32.1
172.6,51.519031471875,5.85876458734765,32.1
172.7,51.5190367543936,5.85877701142633,32.1
172.8,51.5190418883747,5.85878939172375,32.1
173.0,51.5190524589696,5.85881422835411,32.2
173.1,51.5190575956736,5.85882695358583,32.2
173.2,51.5190628039069,5.85883928291744,32.2
173.3,51.5190680896799,5.85885174778543,32.2
173.4,51.5190733391682,5.85886414470775,32.2
173.6,51.5190841040838,5.85888901805993,32.3
173.7,51.5190894119467,5.85890173841433,32.2
173.8,51.5190948941093,5.85891418664613,32.2
173.9,51.5191003909879,5.85892667685096,32.2
174.0,51.5191060008544,5.85893912746003,32.2
174.1,51.5191114023375,5.85895186436571,32.2
174.2,51.5191169851479,5.85896408740562,32.2
174.3,51.5191223779381,5.85897682960533,32.3
174.4,51.5191279509367,5.85898928330444,32.3
174.5,51.5191334923132,5.85900182856442,32.3
174.6,51.519139146571,5.85901452550253,32.3
174.7,51.5191445879215,5.85902741765447,32.2
174.8,51.5191502933875,5.85903989411989,32.2
174.9,51.5191557257582,5.85905284666522,32.2
175.0,51.5191612849113,5.85906571623629,32.2
175.1,51.5191666998186,5.85907869974334,32.2
175.2,51.5191724734444,5.85909140695546,32.2
175.3,51.5191778831659,5.85910444462235,32.2
175.4,51.5191833287764,5.85911747487673,32.2
175.5,51.5191889059215,5.85913039658912,32.2
175.6,51.5191944885022,5.85914348917309,32.2
175.7,51.5191998938878,5.85915657264447,32.2
175.8,51.5192055081453,5.85916955349946,32.3
175.9,51.5192108964835,5.85918264698662,32.3
176.0,51.5192162830099,5.85919574888279,32.3
176.2,51.5192271884102,5.85922208605337,32.3
176.3,51.519232477001,5.85923533177419,32.2
176.4,51.5192379184263,5.85924872263998,32.3
176.5,51.5192431572981,5.85926205493281,32.2
176.6,51.519248368197,5.85927552990105,32.3
176.7,51.519253728158,5.85928894643845,32.3
176.8,51.5192590419631,5.85930240100751,32.3
176.9,51.5192642695785,5.85931575896518,32.3
177.0,51.5192695141268,5.85932929448006,32.3
177.1,51.5192746847455,5.8593426740344,32.3
177.2,51.5192799175071,5.85935619634209,32.3
177.4,51.5192902011469,5.85938309107135,32.2
177.5,51.5192952638107,5.85939648454944,32.3
177.6,51.519300315324,5.85940992272324,32.2
177.7,51.519305342519,5.85942328658131,32.3
177.8,51.5193103275451,5.85943659109024,32.3
177.9,51.5193153489446,5.85944991829661,32.3
178.0,51.5193203060403,5.85946323891469,32.3
178.1,51.5193252602686,5.85947653524738,32.3
178.2,51.519330153864,5.85948991174603,32.3
178.3,51.5193350637694,5.85950327685329,32.2
178.4,51.5193399879855,5.85951658396863,32.2
178.5,51.5193448773994,5.85952995301047,32.1
178.6,51.5193498993183,5.85954343728761,32.1
178.7,51.5193547383302,5.85955662590393,32.0
178.8,51.519359448041,5.85956961441063,32.1
178.9,51.5193641477015,5.85958225763272,32.1
179.0,51.5193685781121,5.85959417591524,32.2
179.1,51.5193727360055,5.8596055424762,32.2
179.2,51.5193766312944,5.85961644763716,32.2
179.3,51.5193803533217,5.85962656833741,32.2
179.4,51.5193837565946,5.85963591455214,32.2
179.6,51.5193902482545,5.85965410660178,32.2
179.7,51.519393490697,5.85966272186991,32.2
179.8,51.5193962342761,5.85967133891713,32.2
179.9,51.5193994840421,5.85968001419009,32.1
180.0,51.5194020670954,5.85968752868229,32.1
180.1,51.5194050834526,5.85969660814177,32.1
180.2,51.5194078493878,5.85970447643593,32.1
180.3,51.5194111152709,5.8597135087116,32.0
180.4,51.5194136744631,5.85972130013477,32.0
180.5,51.5194169913632,5.85973043622886,32.0
180.6,51.5194202556207,5.8597391147902,32.0
180.7,51.5194234309238,5.85974765752347,32.0
180.8,51.5194269095057,5.85975669045799,32.0
180.9,51.5194303568649,5.85976609517964,32.0
181.0,51.5194338694106,5.85977472727687,32.0
181.1,51.5194373855051,5.85978422264405,32.0
181.2,51.5194410669838,5.85979364711857,32.0
181.3,51.5194446602901,5.859803206898,32.0
181.4,51.5194486628016,5.85981230255173,32.0
181.5,51.5194523191197,5.85982190608515,32.0
181.6,51.519456233173,5.859831442448,32.0
181.7,51.5194601363565,5.85984078382881,32.1
181.8,51.5194640436554,5.85985046232571,32.1
181.9,51.5194678177538,5.85986024261065,32.1
182.0,51.5194720188474,5.85986988586744,32.1
182.1,51.5194758348517,5.85987976094748,32.1
182.3,51.5194839458569,5.85989955101407,32.1
182.4,51.5194879434232,5.8599094360229,32.1
182.5,51.5194918524461,5.8599193976221,32.1
182.6,51.5194961691745,5.85992936256273,32.1
182.7,51.519500111088,5.85993930346956,32.1
182.9,51.5195082296769,5.85995896306528,32.1
183.1,51.5195164627,5.85997834639856,32.1
183.2,51.5195206550178,5.8599877569862,32.1
183.3,51.5195247581615,5.85999711218,32.1
183.4,51.5195290260708,5.860006278051,32.1
183.5,51.5195332328179,5.86001531872475,32.1
183.6,51.5195374533822,5.86002388109861,32.1
183.7,51.519541695352,5.86003242374426,32.1
183.8,51.5195459227958,5.86004033525258,32.1
183.9,51.5195502840865,5.86004826200172,32.1
184.0,51.5195546543214,5.86005530069837,32.1
184.1,51.519559029921,5.8600624628719,32.1
184.2,51.5195634463314,5.86006850456661,32.0
184.3,51.5195679639501,5.86007465086087,32.0
184.4,51.5195723177137,5.86007943411344,32.0
184.5,51.5195765757037,5.86008456382591,32.0
184.6,51.5195809930459,5.86008820589486,32.0
184.7,51.5195852911223,5.86009230118581,31.9
184.8,51.5195891329941,5.86009494920437,31.9
184.9,51.5195931503438,5.86009809506838,31.9
185.0,51.5195968160447,5.86009960353746,31.9
185.1,51.5196002953274,5.8601018003196,31.9
185.2,51.51960347815,5.86010248941751,31.9
185.3,51.51960671773,5.86010370429423,31.9
185.4,51.5196091444876,5.86010342400078,31.8
185.5,51.519611889487,5.86010365031306,31.8
185.6,51.5196137953916,5.86010260664278,31.8
185.8,51.5196175290655,5.86010043254044,31.8
185.9,51.5196193053273,5.86009913102155,31.9
186.0,51.5196202991132,5.86009698835586,31.9
186.1,51.519621548892,5.86009508550181,31.9
186.2,51.5196221010598,5.86009222771982,32.0
186.3,51.5196228003438,5.8600899901748,32.0
186.4,51.5196226326127,5.86008667912972,32.1
186.5,51.5196228284375,5.86008403766711,32.1
186.6,51.5196223102966,5.86008073063413,32.1
186.7,51.5196220165863,5.8600780266324,32.2
186.8,51.5196209284047,5.86007473444918,32.2
186.9,51.5196201982865,5.86007195226391,32.2
187.0,51.5196187518896,5.86006906172947,32.2
187.1,51.5196175403595,5.86006666279411,32.2
187.2,51.5196157014593,5.86006382348042,32.2
187.3,51.5196141558687,5.86006184187567,32.2
187.4,51.5196120406543,5.86006009492784,32.2
187.5,51.5196102570491,5.86005864390423,32.2
187.6,51.5196079737774,5.86005731111659,32.2
187.7,51.5196060456528,5.86005647929521,32.2
187.8,51.5196037761358,5.86005632163747,32.2
188.0,51.5195996654336,5.86005638807579,32.2
188.1,51.5195977275511,5.86005687922224,32.2
188.2,51.5195955368606,5.86005791558983,32.2
188.3,51.5195936565298,5.86005912352266,32.2
188.4,51.5195917637802,5.86006128963246,32.2
188.5,51.5195898826633,5.86006307027483,32.2
188.6,51.5195881800479,5.86006619868664,32.2
188.7,51.5195864311821,5.86006902261739,32.2
188.8,51.5195848333055,5.86007275400403,32.2
188.9,51.5195831332139,5.86007619212941,32.1
189.0,51.519581749087,5.86008082241019,32.0
189.1,51.5195802085427,5.86008492583723,32.0
189.2,51.5195788637592,5.86009029055818,31.9
189.3,51.5195773564163,5.86009523317427,31.8
189.4,51.519576342998,5.86010121846921,31.7
189.5,51.519574922899,5.86010674995289,31.6
189.6,51.5195736084672,5.86011321486548,31.5
189.7,51.5195724977876,5.86011926091413,31.4
189.8,51.5195712721639,5.8601263242977,31.3
189.9,51.5195699662575,5.86013282626146,31.2
190.0,51.5195688507617,5.86014054449717,31.0
190.1,51.5195675777173,5.86014748318207,30.9
190.2,51.519566431249,5.86015486208872,30.700000000000003
190.3,51.5195653480049,5.86016225782017,30.6
190.4,51.5195642457697,5.86017013488259,30.5
190.5,51.5195630584698,5.8601776714976,30.3
190.6,51.5195617481595,5.86018552838455,30.1
190.7,51.519560763829,5.86019340234325,29.9
190.8,51.5195596118253,5.86020160422875,29.8
190.9,51.5195584257259,5.86020960145821,29.6
191.0,51.51955737031,5.86021791889787,29.3
191.1,51.5195562200517,5.86022614367927,29.1
191.2,51.5195549091218,5.86023451128258,28.8
191.3,51.5195539201435,5.86024296308522,28.6
191.4,51.5195527431113,5.86025143450156,28.3
191.5,51.5195515802298,5.86026000216966,28.1
191.6,51.5195503479821,5.86026861687882,27.8
191.7,51.5195491968307,5.86027737460631,27.6
191.8,51.5195479159122,5.86028602094433,27.3
191.9,51.5195468556452,5.86029473578331,27.0
192.0,51.5195457883931,5.86030356722212,26.8
192.1,51.5195446715136,5.86031231739731,26.5
192.2,51.5195436204155,5.86032075177759,26.1
192.3,51.5195425883287,5.86032908313426,25.8
192.4,51.5195416423447,5.86033699959175,25.500000000000004
192.5,51.519540877327,5.86034457325862,25.1
192.6,51.5195401993279,5.8603513810395,24.8
192.7,51.519539500095,5.86035786378646,24.4
192.8,51.5195390531502,5.86036401211914,24.1
192.9,51.5195384580521,5.86036995443686,23.8
193.0,51.5195383086416,5.86037527158198,23.5
193.1,51.5195378588258,5.86038163470055,23.2
193.2,51.5195379177951,5.86038689816879,22.9
193.3,51.5195374399139,5.86039282552744,22.6
193.4,51.5195377788079,5.86039779904698,22.2
193.5,51.5195374061233,5.86040357641019,21.9
193.6,51.5195374576339,5.86040858107202,21.6
193.7,51.5195371750867,5.86041409967844,21.3
193.8,51.5195374371131,5.86041841133174,20.9
193.9,51.5195372306256,5.86042345464252,20.6
194.0,51.519537149198,5.860427771118,20.3
194.1,51.5195372803843,5.86043169977768,19.9
194.3,51.5195371665164,5.8604385581527,19.3
194.4,51.519537284188,5.86044103630165,18.9
194.5,51.5195372152333,5.86044352279534,18.6
194.6,51.5195371695023,5.86044504468871,18.3
194.7,51.5195371676406,5.8604469999635,18.0
194.8,51.5195373225446,5.86044740011226,17.6
194.9,51.5195373180614,5.86044853234906,17.3
195.0,51.5195375880375,5.86044847599218,17.0
195.1,51.5195375830524,5.86044918228907,16.7
195.2,51.5195375325101,5.86044860868846,16.400000000000002
195.3,51.5195375892343,5.86044879034698,16.099999999999998
195.4,51.5195375853051,5.86044817603142,15.8
195.5,51.5195374688799,5.8604483185709,15.5
195.6,51.5195374286711,5.86044715184989,15.2
195.7,51.5195372878224,5.86044696532951,15.0
195.8,51.519537086115,5.86044629472765,14.8
195.9,51.5195370364344,5.86044539601562,14.7
196.0,51.519536768736,5.86044432690969,14.6
196.1,51.5195366691557,5.86044361619138,14.500000000000002
196.2,51.5195363476831,5.86044224225547,14.4
196.4,51.5195359099315,5.86044047988331,14.1
196.5,51.5195353373159,5.86043975187413,14.0
196.6,51.5195349987251,5.86043911806955,13.9
196.7,51.519534509479,5.86043877035518,13.7
196.8,51.5195341583603,5.86043865552132,13.6
196.9,51.5195334244906,5.86043860483581,13.4
197.0,51.5195326972073,5.86043886285218,13.3
197.1,51.5195318171511,5.86043933378623,13.1
197.2,51.5195309922355,5.86044021898226,13.0
197.3,51.5195299458335,5.86044107546638,12.8
197.4,51.5195288704201,5.86044237477208,12.7
197.5,51.5195278784248,5.86044345345808,12.6
197.6,51.519526357768,5.86044549621843,12.4
197.7,51.5195249354306,5.86044722157157,12.3
197.8,51.5195235659011,5.86044963977614,12.1
197.9,51.5195219804346,5.86045181348897,12.0
198.0,51.5195199166063,5.86045465143044,11.8
198.1,51.519518233269,5.86045725755297,11.7
198.2,51.5195161563536,5.8604604692389,11.5
198.3,51.5195141981528,5.86046340932152,11.4
198.4,51.5195119370902,5.86046724622573,11.2
198.5,51.5195098224259,5.86047059250035,11.1
198.6,51.5195072143918,5.86047436004399,10.9
198.7,51.5195048889272,5.86047808045787,10.8
198.8,51.5195023728593,5.86048218860033,10.7
198.9,51.5195000896729,5.86048586881458,10.6
199.0,51.5194972371448,5.86048995257974,10.5
199.2,51.5194924655,5.86049757958774,10.3
199.3,51.5194899693881,5.86050133503135,10.2
199.4,51.519487551191,5.86050515858825,10.0
199.5,51.5194853140388,5.86050879485336,10.0
199.6,51.5194827118887,5.86051271778949,9.9
199.7,51.5194805145932,5.86051633493327,9.8
199.8,51.5194781839001,5.8605201304006,9.7
199.9,51.5194760523342,5.86052367702198,9.6
200.0,51.519473771117,5.86052721318151,9.5
200.1,51.5194717217592,5.86053059188239,9.5
200.2,51.5194697817568,5.86053381383851,9.4
200.3,51.5194676729774,5.86053713239964,9.4
200.4,51.5194657024856,5.86054017643556,9.4
200.6,51.5194617792031,5.86054624597373,9.3
200.7,51.5194599795097,5.86054917177695,9.3
200.8,51.5194582399663,5.8605516604623,9.2
200.9,51.5194563892793,5.86055440386841,9.2
201.0,51.5194547523856,5.86055683805461,9.2
201.1,51.5194531137789,5.86055937007653,9.2
201.2,51.5194512964544,5.86056169463774,9.2
201.3,51.5194496893979,5.86056406403739,9.2
201.4,51.5194481695087,5.86056609009575,9.2
201.5,51.5194464759322,5.86056836937488,9.2
201.6,51.5194449230826,5.86057026666267,9.2
201.7,51.5194435204337,5.86057242633552,9.1
201.8,51.5194421201824,5.86057418349523,9.1
202.0,51.5194398849401,5.86057763222839,9.2
202.1,51.5194387918004,5.86057930244012,9.2
202.2,51.5194379520132,5.86058064109146,9.2
202.3,51.5194371961732,5.86058218987279,9.3
202.4,51.5194363770507,5.86058302288034,9.3
202.5,51.5194358751752,5.8605842817504,9.4
202.7,51.5194352682008,5.86058542631688,9.5
202.8,51.5194352534049,5.86058538296145,9.5
202.9,51.5194352920087,5.86058568112703,9.6
203.1,51.5194354020737,5.86058441146778,9.6
203.2,51.5194356937866,5.86058292515389,9.6
203.3,51.5194359194429,5.86058203068093,9.6
203.4,51.519435834768,5.86057997796248,9.6
203.5,51.5194359978998,5.86057858255853,9.6
203.6,51.519435951773,5.86057610294374,9.6
203.7,51.5194357074912,5.86057412843693,9.6
203.8,51.5194355404666,5.86057156142523,9.7
203.9,51.5194355280304,5.86056965183417,9.7
204.0,51.5194349552947,5.86056691549142,9.7
204.1,51.5194348616615,5.86056499752801,9.6
204.2,51.5194344137551,5.86056243257441,9.6
204.3,51.5194339747043,5.860560338557,9.6
204.4,51.5194334627757,5.86055833971326,9.5
204.5,51.5194332889242,5.86055676805771,9.5
204.6,51.5194325150353,5.86055488312454,9.4
204.7,51.5194323057149,5.86055358210265,9.3
204.8,51.5194317794497,5.86055225122394,9.2
204.9,51.5194312685866,5.86055083029263,9.1
205.0,51.5194306826661,5.86055022607082,9.0
205.1,51.5194304411092,5.86054933720635,9.0
205.2,51.5194295124638,5.86054859097318,8.9
205.3,51.5194292423688,5.86054780165079,8.9
205.5,51.5194277430864,5.86054657550352,8.8
205.6,51.5194269861743,5.86054634938928,8.8
205.7,51.5194266662802,5.86054574298581,8.8
205.8,51.5194253665161,5.86054554870006,8.7
205.9,51.5194250295019,5.86054498105932,8.7
206.0,51.519424458251,5.86054466050206,8.6
206.1,51.519424123541,5.86054409943689,8.5
206.2,51.5194231070517,5.86054398957714,8.4
206.3,51.5194227822255,5.86054344347468,8.3
206.5,51.519421625274,5.86054285485274,8.0
206.6,51.5194213682488,5.86054265876661,8.0
206.7,51.5194211343356,5.86054219483473,8.0
206.9,51.5194204217959,5.86054194558187,7.899999999999999
207.0,51.5194200351661,5.86054160422431,7.899999999999999
207.1,51.5194197250531,5.86054162728574,7.899999999999999
207.2,51.5194194503322,5.86054150777946,7.899999999999999
207.3,51.5194194018332,5.86054138958018,7.899999999999999
207.4,51.5194190328462,5.86054155657373,7.899999999999999
207.6,51.5194191122944,5.86054200058721,7.8
207.7,51.5194189534175,5.86054227307997,7.8
207.8,51.5194190113632,5.86054292735074,7.8
207.9,51.5194192051904,5.86054339043641,7.8
208.0,51.5194191496993,5.86054438629172,7.8
208.1,51.5194194338438,5.86054508858697,7.8
208.2,51.5194196439199,5.86054629282131,7.8
208.3,51.519419718483,5.86054728201041,7.699999999999999
208.4,51.5194199322555,5.86054847612977,7.699999999999999
208.5,51.5194201957051,5.86054922822132,7.6
208.6,51.5194201571653,5.86055054543653,7.6
208.7,51.5194203329986,5.86055116165474,7.6
208.8,51.5194205335804,5.86055219172582,7.6
208.9,51.5194205828804,5.86055312409123,7.6
209.0,51.5194207753496,5.86055397693659,7.6
209.1,51.5194209962664,5.86055462977244,7.6
209.2,51.5194212887962,5.8605552426367,7.6
209.3,51.519421623446,5.86055631986159,7.6
209.4,51.5194220425402,5.86055714635942,7.6
209.5,51.5194223785581,5.8605579294067,7.6
209.6,51.5194227359765,5.86055874284037,7.6
209.7,51.5194230871846,5.86055951995661,7.6
209.8,51.5194234467674,5.86056040082627,7.6
209.9,51.5194237830144,5.86056120848111,7.6
210.0,51.5194241496711,5.86056220215472,7.6
210.1,51.5194245955399,5.86056312756221,7.6
210.2,51.5194249516207,5.86056438826104,7.6
210.3,51.5194254913783,5.86056549613194,7.6
210.4,51.5194260000965,5.8605668361412,7.6
210.5,51.5194265499152,5.86056817516071,7.6
210.6,51.5194271252351,5.86056973891275,7.6
210.7,51.5194277966011,5.86057109384244,7.6
210.8,51.5194282601366,5.86057273399371,7.6
210.9,51.5194289172646,5.86057410019984,7.6
211.0,51.5194294024737,5.86057582315836,7.5
211.1,51.5194298555411,5.86057728397096,7.4
211.2,51.5194304237579,5.86057884505515,7.3
211.3,51.5194310026768,5.86058010065031,7.2
211.4,51.5194315054129,5.86058186419888,7.1
211.5,51.5194321166839,5.86058314923572,6.9
211.6,51.519432746702,5.86058445111923,6.800000000000001
211.7,51.5194334967414,5.86058599498049,6.7
211.8,51.5194341248917,5.8605870899193,6.6
211.9,51.519434799713,5.86058830486792,6.4
212.0,51.5194354102939,5.86058983190452,6.3
212.1,51.5194360507154,5.86059092697139,6.1000000000000005
212.2,51.5194366059985,5.86059179900919,5.9
212.3,51.5194371926204,5.86059271830554,5.8
212.4,51.5194377580774,5.86059367234058,5.6
212.5,51.5194383309295,5.86059447897152,5.499999999999999
212.6,51.5194387639757,5.86059503006188,5.4
212.7,51.5194393691898,5.86059577497005,5.2
212.8,51.5194399591333,5.86059629495331,5.1
212.9,51.5194404148762,5.86059673551509,4.9
213.0,51.5194409155298,5.86059685033274,4.8
213.2,51.5194415538885,5.86059675511686,4.5
213.3,51.5194417959125,5.86059651733753,4.3
213.4,51.5194420349596,5.86059588412311,4.3
213.5,51.5194421126072,5.86059546903225,4.3
213.6,51.5194423977943,5.86059453413551,4.3
213.7,51.5194424696537,5.86059419290793,4.3
213.8,51.5194426881261,5.8605931929657,4.3
213.9,51.5194430404713,5.86059275331552,4.3
214.0,51.5194431618944,5.86059185635122,4.2
214.1,51.5194432053593,5.86059163065849,4.2
214.2,51.5194432566469,5.86059054293603,4.1000000000000005
214.3,51.5194432498609,5.86059040487042,4.1000000000000005
214.4,51.5194432550101,5.86059012494353,4.0
214.5,51.5194431664863,5.86058960171684,3.9
214.6,51.5194430899293,5.8605896719561,3.8
214.7,51.5194430308884,5.86058980807965,3.8
214.8,51.5194429030615,5.86058999313498,3.7
214.9,51.5194428564022,5.86059023767554,3.7
215.0,51.5194424463115,5.86059051582202,3.7
215.1,51.5194422771368,5.86059073838587,3.7
215.2,51.5194419584482,5.86059120592258,3.7
215.3,51.5194418495315,5.86059155476709,3.7
215.4,51.5194416644019,5.86059201866824,3.7
215.5,51.5194413955741,5.86059233116845,3.7
215.6,51.5194414255404,5.86059309096506,3.7
215.7,51.5194414821201,5.86059367385429,3.7
215.8,51.51944157643,5.86059457432326,3.7
215.9,51.5194418183618,5.86059543595437,3.7
216.0,51.519442189693,5.86059659960967,3.7
216.1,51.5194425149166,5.86059781479742,3.7
216.2,51.5194431840794,5.86059958760027,3.7
216.3,51.5194437867199,5.86060108498672,3.7
216.4,51.519444405227,5.86060313866729,3.7
216.5,51.5194451301736,5.86060491298445,3.6
216.6,51.5194459252638,5.86060745400953,3.7
216.7,51.5194466159549,5.86060964260333,3.6
216.8,51.5194476009383,5.86061239367905,3.6
216.9,51.5194485078104,5.86061463568867,3.6
217.0,51.5194493993452,5.86061797031891,3.6
217.1,51.519450364806,5.86062037709696,3.6
217.2,51.5194514028015,5.8606234393491,3.5
217.3,51.5194523401753,5.86062632726147,3.6
217.4,51.5194535670535,5.86062927483143,3.6
217.5,51.5194545877865,5.86063184121915,3.6
217.6,51.5194557493778,5.86063498112128,3.6
217.7,51.5194567150509,5.86063740869696,3.6
217.8,51.5194577870684,5.86063993241355,3.6
217.9,51.5194587526237,5.86064225478823,3.6
218.0,51.5194597744476,5.86064411161683,3.6
218.1,51.5194604842689,5.86064567965183,3.6
218.2,51.5194615622933,5.86064699557556,3.6
218.3,51.5194620992222,5.86064799076998,3.6
218.4,51.5194629621629,5.86064846394966,3.6
218.5,51.5194633874364,5.86064900613528,3.6
218.6,51.5194644698995,5.86064894313675,3.6
218.7,51.519464827348,5.86064921863716,3.6
218.8,51.5194654341392,5.86064850929603,3.6
218.9,51.5194662971213,5.86064856492948,3.6
219.0,51.5194669561514,5.86064762571783,3.5
219.1,51.5194672765581,5.86064752612366,3.5
219.2,51.5194682268227,5.86064616264943,3.5
219.3,51.5194685592237,5.86064594293439,3.4000000000000004
219.4,51.5194690940198,5.86064508854416,3.4000000000000004
219.5,51.5194697479967,5.86064406609504,3.3
219.6,51.5194700057458,5.86064336299096,3.2
219.7,51.5194702633398,5.86064305517327,3.1
219.8,51.5194706993311,5.86064208318566,3.0
219.9,51.5194709057704,5.86064176949727,2.9
220.0,51.5194709839401,5.860641298712,2.9
220.1,51.5194713127055,5.86064072972416,2.8
220.2,51.5194713998531,5.86064014822636,2.7
220.3,51.5194715567774,5.86063990364719,2.6
220.4,51.5194716155459,5.8606392950339,2.5
220.5,51.5194717480825,5.8606391170703,2.4
220.6,51.5194718324786,5.86063899332432,2.2
220.7,51.519471924855,5.86063874087218,2.1
220.8,51.5194718186519,5.86063859485002,2.0
220.9,51.5194718859234,5.86063862801161,1.9
221.0,51.5194717743858,5.86063848912995,1.8
221.1,51.5194717922265,5.86063863418651,1.7000000000000002
221.2,51.5194718078612,5.8606388328275,1.6
221.3,51.5194717682804,5.86063887057761,1.6
221.4,51.5194717728232,5.8606389915557,1.5
221.5,51.5194717769525,5.86063910638729,1.4
221.6,51.5194718997474,5.86063976430784,1.4
221.7,51.5194718332244,5.86063998039812,1.3
221.8,51.5194718351906,5.86064028610548,1.2
221.9,51.5194718807751,5.8606405918803,1.1
222.0,51.519471918465,5.86064108347692,1.1
222.1,51.5194719721956,5.86064142027373,1.0
222.2,51.5194720875375,5.86064171187313,0.9
222.3,51.5194721532008,5.86064205607638,0.9
222.4,51.5194723436948,5.86064255827775,0.7999999999999999
222.5,51.5194724455238,5.86064289785183,0.7
222.6,51.519472748695,5.86064328998147,0.7
222.7,51.5194728657873,5.86064364351577,0.6
222.8,51.519472987258,5.86064417600751,0.6
222.9,51.5194730722627,5.86064442498828,0.6
223.0,51.5194733762389,5.86064453058229,0.5
223.1,51.5194733410428,5.86064454706021,0.5
223.2,51.5194734882246,5.86064456934615,0.5
223.3,51.519473376823,5.86064473605616,0.5
223.4,51.5194733016409,5.86064461679807,0.5
223.5,51.51947339069,5.86064474742568,0.5
223.6,51.5194734956329,5.86064461691344,0.5
223.7,51.5194734854115,5.86064468294685,0.5
223.8,51.5194735975411,5.86064424748196,0.5
223.9,51.5194735748411,5.86064425563562,0.5
224.0,51.5194735716814,5.86064428870262,0.5
224.1,51.5194736237202,5.86064422479961,0.5
224.2,51.5194736008603,5.86064423100257,0.5
224.3,51.5194735769179,5.86064423481972,0.5
224.4,51.519473629276,5.8606441289834,0.5
224.5,51.5194736066497,5.86064413369268,0.5
224.5,51.5194735846978,5.86064423745431,0.0
